Segment,Code Station,N° article,Date,Reel,Prediction
Stable,ST0001,A0001,2025-07-01,107000.0,88666.66666666663
Stable,ST0001,A0001,2025-08-01,42000.0,88666.66666666663
Stable,ST0001,A0001,2025-09-01,109000.0,88666.66666666663
Stable,ST0001,A0001,2025-10-01,100000.0,88666.66666666663
Stable,ST0001,A0001,2025-11-01,114000.0,88666.66666666663
Stable,ST0001,A0001,2025-12-01,118000.0,88666.66666666663
Stable,ST0002,A0001,2025-01-01,148000.0,161347.19705374716
Stable,ST0002,A0001,2025-02-01,127000.0,161347.19705374716
Stable,ST0002,A0001,2025-03-01,136000.0,161347.19705374716
Stable,ST0002,A0001,2025-04-01,179000.0,161347.19705374716
Stable,ST0002,A0001,2025-05-01,177000.0,161347.19705374716
Stable,ST0002,A0001,2025-06-01,135000.0,161347.19705374716
Stable,ST0002,A0001,2025-07-01,143000.0,161347.19705374716
Stable,ST0002,A0001,2025-08-01,174000.0,161347.19705374716
Stable,ST0002,A0001,2025-09-01,142000.0,161347.19705374716
Stable,ST0002,A0001,2025-10-01,199000.0,161347.19705374716
Stable,ST0002,A0001,2025-11-01,131000.0,161347.19705374716
Stable,ST0002,A0001,2025-12-01,212000.0,161347.19705374716
Stable,ST0004,A0001,2025-07-01,30000.0,27000.0
Stable,ST0004,A0001,2025-08-01,26000.0,27000.0
Stable,ST0004,A0001,2025-09-01,25000.0,27000.0
Stable,ST0004,A0001,2025-10-01,20000.0,27000.0
Stable,ST0004,A0001,2025-11-01,21000.0,27000.0
Stable,ST0004,A0001,2025-12-01,15000.0,27000.0
Stable,ST0006,A0001,2023-09-01,23000.0,24945.239088539638
Stable,ST0006,A0001,2023-10-01,23000.0,19523.812553796208
Stable,ST0006,A0001,2023-11-01,27000.0,21280.351091752935
Stable,ST0006,A0001,2023-12-01,20000.0,21040.476577780395
Stable,ST0006,A0001,2024-01-01,13000.0,24188.102614785177
Stable,ST0006,A0001,2024-02-01,16000.0,20631.706949151543
Stable,ST0006,A0001,2024-03-01,12000.0,21247.831828873685
Stable,ST0006,A0001,2024-04-01,12000.0,20894.083765477342
Stable,ST0007,A0001,2024-12-01,15000.0,13281.228105019969
Stable,ST0007,A0001,2025-02-01,10000.0,7152.696271976976
Stable,ST0007,A0001,2025-04-01,10000.0,11962.61334237648
Stable,ST0007,A0001,2025-05-01,5000.0,8762.252893600133
Stable,ST0007,A0001,2025-07-01,5000.0,10648.811678397244
Stable,ST0007,A0001,2025-08-01,5000.0,10843.605027665533
Stable,ST0007,A0001,2025-10-01,5000.0,10259.224979860666
Stable,ST0007,A0001,2025-11-01,8000.0,8207.617064034443
Stable,ST0007,A0001,2025-12-01,8180.0,9181.583810375887
Stable,ST0009,A0002,2025-04-01,20000.0,15086.95652173913
Stable,ST0009,A0002,2025-05-01,20000.0,15086.95652173913
Stable,ST0009,A0002,2025-06-01,5000.0,15086.95652173913
Stable,ST0009,A0002,2025-07-01,25000.0,15086.95652173913
Stable,ST0009,A0002,2025-11-01,10000.0,15086.95652173913
Stable,ST0009,A0002,2025-12-01,25000.0,15086.95652173913
Stable,ST0010,A0001,2025-01-01,45000.0,55826.91079079953
Stable,ST0010,A0001,2025-02-01,38000.0,55826.91079079953
Stable,ST0010,A0001,2025-03-01,33000.0,55826.91079079953
Stable,ST0010,A0001,2025-04-01,50000.0,55826.91079079953
Stable,ST0010,A0001,2025-05-01,46000.0,55826.91079079953
Stable,ST0010,A0001,2025-06-01,38000.0,55826.91079079953
Stable,ST0010,A0001,2025-07-01,48000.0,55826.91079079953
Stable,ST0010,A0001,2025-08-01,49000.0,55826.91079079953
Stable,ST0010,A0001,2025-09-01,47000.0,55826.91079079953
Stable,ST0010,A0001,2025-10-01,53000.0,55826.91079079953
Stable,ST0010,A0001,2025-11-01,48000.0,55826.91079079953
Stable,ST0010,A0001,2025-12-01,58000.0,55826.91079079953
Stable,ST0011,A0001,2025-01-01,59000.0,61000.0
Stable,ST0011,A0001,2025-02-01,30000.0,61000.0
Stable,ST0011,A0001,2025-03-01,55000.0,61000.0
Stable,ST0011,A0001,2025-04-01,52000.0,61000.0
Stable,ST0011,A0001,2025-05-01,60000.0,61000.0
Stable,ST0011,A0001,2025-06-01,50000.0,61000.0
Stable,ST0011,A0001,2025-07-01,52000.0,61000.0
Stable,ST0011,A0001,2025-08-01,60000.0,61000.0
Stable,ST0011,A0001,2025-09-01,65000.0,61000.0
Stable,ST0011,A0001,2025-10-01,68000.0,61000.0
Stable,ST0011,A0001,2025-11-01,50000.0,61000.0
Stable,ST0011,A0001,2025-12-01,75000.0,61000.0
Stable,ST0016,A0001,2025-01-01,55000.0,56652.767697986616
Stable,ST0016,A0001,2025-02-01,45000.0,54924.331411313105
Stable,ST0016,A0001,2025-03-01,45000.0,54031.805369636015
Stable,ST0016,A0001,2025-04-01,45000.0,53570.92477992975
Stable,ST0016,A0001,2025-05-01,51000.0,53332.936297746244
Stable,ST0016,A0001,2025-06-01,47000.0,53210.04434066011
Stable,ST0016,A0001,2025-07-01,50000.0,53146.585668299595
Stable,ST0016,A0001,2025-08-01,43000.0,53113.817021813345
Stable,ST0016,A0001,2025-09-01,42000.0,53096.89602185229
Stable,ST0016,A0001,2025-10-01,58000.0,53088.15839395539
Stable,ST0016,A0001,2025-11-01,46000.0,53083.64647731687
Stable,ST0016,A0001,2025-12-01,55000.0,53081.316623952414
Stable,ST0017,A0002,2025-07-01,46000.0,43221.01242773327
Stable,ST0017,A0002,2025-08-01,34000.0,37964.74410033805
Stable,ST0017,A0002,2025-09-01,21000.0,41447.412818875004
Stable,ST0017,A0002,2025-10-01,36000.0,42298.57026172362
Stable,ST0017,A0002,2025-11-01,16000.0,47843.47638420562
Stable,ST0017,A0002,2025-12-01,36000.0,46565.614515935784
Stable,ST0020,A0001,2022-10-01,14000.0,23849.02391302949
Stable,ST0020,A0001,2022-11-01,17000.0,42950.87864470243
Stable,ST0020,A0001,2022-12-01,14000.0,33950.87864470242
Stable,ST0020,A0001,2023-01-01,16000.0,23950.878644702418
Stable,ST0020,A0001,2023-02-01,10000.0,28950.878644702418
Stable,ST0020,A0001,2023-03-01,12000.0,19950.878644702418
Stable,ST0026,A0001,2025-01-01,66000.0,64821.376405722316
Stable,ST0026,A0001,2025-02-01,45000.0,71881.3871329661
Stable,ST0026,A0001,2025-03-01,29000.0,75768.9378834886
Stable,ST0026,A0001,2025-04-01,45000.0,77909.59338979945
Stable,ST0026,A0001,2025-05-01,41000.0,79088.3319557418
Stable,ST0026,A0001,2025-06-01,44000.0,79737.39697472483
Stable,ST0026,A0001,2025-07-01,50000.0,80094.80056788772
Stable,ST0026,A0001,2025-08-01,41000.0,80291.60262110249
Stable,ST0026,A0001,2025-09-01,43000.0,80399.97044081798
Stable,ST0026,A0001,2025-10-01,54000.0,80459.64250296398
Stable,ST0026,A0001,2025-11-01,31000.0,80492.50055076915
Stable,ST0026,A0001,2025-12-01,52000.0,80510.5936292843
Stable,ST0026,A0002,2025-01-01,17000.0,16554.242014804826
Stable,ST0026,A0002,2025-02-01,14000.0,19666.98022591396
Stable,ST0026,A0002,2025-03-01,16000.0,14997.872909250256
Stable,ST0026,A0002,2025-04-01,10000.0,21223.349331468526
Stable,ST0026,A0002,2025-05-01,15000.0,18110.61112035939
Stable,ST0026,A0002,2025-06-01,10000.0,18110.61112035939
Stable,ST0026,A0002,2025-07-01,15000.0,18110.61112035939
Stable,ST0026,A0002,2025-08-01,20000.0,18110.61112035939
Stable,ST0026,A0002,2025-09-01,15000.0,18110.61112035939
Stable,ST0026,A0002,2025-10-01,13000.0,19277.887949525317
Stable,ST0026,A0002,2025-11-01,15000.0,16554.242014804822
Stable,ST0026,A0002,2025-12-01,21000.0,16554.242014804822
Stable,ST0029,A0001,2025-07-01,67000.0,69000.00000000001
Stable,ST0029,A0001,2025-08-01,58000.0,65000.0
Stable,ST0029,A0001,2025-09-01,62000.0,63000.0
Stable,ST0029,A0001,2025-10-01,64000.0,60000.0
Stable,ST0029,A0001,2025-11-01,60000.0,62000.0
Stable,ST0029,A0001,2025-12-01,68000.0,46000.0
Stable,ST0029,A0002,2025-07-01,56000.0,40750.000000000015
Stable,ST0029,A0002,2025-08-01,44000.0,43750.0
Stable,ST0029,A0002,2025-09-01,42000.0,25749.999999999996
Stable,ST0029,A0002,2025-10-01,41000.0,40750.000000000015
Stable,ST0029,A0002,2025-11-01,35000.0,20750.0
Stable,ST0029,A0002,2025-12-01,52000.0,25750.0
Stable,ST0032,A0002,2025-08-01,5000.0,5000.0
Stable,ST0032,A0002,2025-09-01,5000.0,5000.0
Stable,ST0032,A0002,2025-10-01,5000.0,10000.0
Stable,ST0032,A0002,2025-11-01,10000.0,10000.0
Stable,ST0032,A0002,2025-12-01,5000.0,5000.0
Stable,ST0039,A0001,2025-01-01,78000.0,81784.88189512466
Stable,ST0039,A0001,2025-02-01,64000.0,83478.67022356564
Stable,ST0039,A0001,2025-03-01,77000.0,83826.03971650751
Stable,ST0039,A0001,2025-04-01,78000.0,84173.40920944938
Stable,ST0039,A0001,2025-05-01,97000.0,84520.77870239125
Stable,ST0039,A0001,2025-06-01,66000.0,84868.14819533312
Stable,ST0039,A0001,2025-07-01,91000.0,85215.517688275
Stable,ST0039,A0001,2025-08-01,71000.0,85562.88718121687
Stable,ST0039,A0001,2025-09-01,72000.0,85910.25667415874
Stable,ST0039,A0001,2025-10-01,86000.0,86257.6261671006
Stable,ST0039,A0001,2025-11-01,76000.0,86604.99566004248
Stable,ST0039,A0001,2025-12-01,91000.0,86952.36515298435
Stable,ST0039,A0002,2025-01-01,66000.0,77465.33203735363
Stable,ST0039,A0002,2025-02-01,82000.0,70496.98971767291
Stable,ST0039,A0002,2025-03-01,54000.0,70496.98971767291
Stable,ST0039,A0002,2025-04-01,72000.0,70496.98971767291
Stable,ST0039,A0002,2025-05-01,71000.0,70496.98971767291
Stable,ST0039,A0002,2025-06-01,48000.0,70496.98971767291
Stable,ST0039,A0002,2025-07-01,67000.0,70496.98971767291
Stable,ST0039,A0002,2025-08-01,73000.0,70496.98971767291
Stable,ST0039,A0002,2025-09-01,49000.0,70496.98971767291
Stable,ST0039,A0002,2025-10-01,80000.0,70496.98971767291
Stable,ST0039,A0002,2025-11-01,50000.0,70496.98971767291
Stable,ST0039,A0002,2025-12-01,72000.0,70496.98971767291
Stable,ST0042,A0002,2025-01-01,40000.0,33379.98133442635
Stable,ST0042,A0002,2025-02-01,38000.0,33379.98133442635
Stable,ST0042,A0002,2025-03-01,37000.0,33379.98133442635
Stable,ST0042,A0002,2025-04-01,45000.0,33379.98133442635
Stable,ST0042,A0002,2025-05-01,30000.0,33379.98133442635
Stable,ST0042,A0002,2025-06-01,45000.0,33379.98133442635
Stable,ST0042,A0002,2025-07-01,45000.0,33379.98133442635
Stable,ST0042,A0002,2025-08-01,30000.0,33379.98133442635
Stable,ST0042,A0002,2025-09-01,30000.0,33379.98133442635
Stable,ST0042,A0002,2025-10-01,45000.0,33379.98133442635
Stable,ST0042,A0002,2025-11-01,27000.0,33379.98133442635
Stable,ST0042,A0002,2025-12-01,47000.0,33379.98133442635
Stable,ST0049,A0001,2025-01-01,11000.0,17583.586133367404
Stable,ST0049,A0001,2025-02-01,15000.0,15988.497258574833
Stable,ST0049,A0001,2025-03-01,11000.0,15591.966023001292
Stable,ST0049,A0001,2025-04-01,21000.0,15493.390311471785
Stable,ST0049,A0001,2025-05-01,12000.0,15468.884875249354
Stable,ST0049,A0001,2025-06-01,16000.0,15462.792944538089
Stable,ST0049,A0001,2025-07-01,23000.0,15461.278520577052
Stable,ST0049,A0001,2025-08-01,14000.0,15460.902042241618
Stable,ST0049,A0001,2025-09-01,16000.0,15460.808451582267
Stable,ST0049,A0001,2025-10-01,6000.0,15460.785185405455
Stable,ST0049,A0001,2025-11-01,20000.0,15460.779401548529
Stable,ST0049,A0001,2025-12-01,13000.0,15460.777963710192
Stable,ST0049,A0002,2025-01-01,15000.0,15738.304560557965
Stable,ST0049,A0002,2025-02-01,15000.0,15995.885395530764
Stable,ST0049,A0002,2025-03-01,10000.0,16085.750594921032
Stable,ST0049,A0002,2025-04-01,11000.0,16117.102904429248
Stable,ST0049,A0002,2025-05-01,16000.0,16128.041146576024
Stable,ST0049,A0002,2025-06-01,11000.0,16131.857297383995
Stable,ST0049,A0002,2025-07-01,10000.0,16133.188681969721
Stable,ST0049,A0002,2025-08-01,10000.0,16133.653177479546
Stable,ST0049,A0002,2025-09-01,10000.0,16133.81523139016
Stable,ST0049,A0002,2025-10-01,10000.0,16133.871769008692
Stable,ST0049,A0002,2025-11-01,10000.0,16133.891493940337
Stable,ST0049,A0002,2025-12-01,15000.0,16133.898375604942
Stable,ST0054,A0001,2025-07-01,82000.0,85000.0
Stable,ST0054,A0001,2025-08-01,60000.0,69000.0
Stable,ST0054,A0001,2025-09-01,40000.0,72000.0
Stable,ST0054,A0001,2025-10-01,85000.0,63000.0
Stable,ST0054,A0001,2025-11-01,61000.0,68000.0
Stable,ST0054,A0001,2025-12-01,96000.0,95000.0
Stable,ST0054,A0002,2025-08-01,20000.0,18125.0
Stable,ST0054,A0002,2025-09-01,30000.0,18125.0
Stable,ST0054,A0002,2025-10-01,20000.0,18125.0
Stable,ST0054,A0002,2025-11-01,30000.0,18125.0
Stable,ST0054,A0002,2025-12-01,30000.0,18125.0
Stable,ST0062,A0002,2025-07-01,10000.0,10000.0
Stable,ST0062,A0002,2025-08-01,10000.0,10000.0
Stable,ST0062,A0002,2025-09-01,10000.0,10000.0
Stable,ST0062,A0002,2025-10-01,10000.0,10000.0
Stable,ST0062,A0002,2025-11-01,10000.0,10000.0
Stable,ST0062,A0002,2025-12-01,10000.0,15000.0
Stable,ST0066,A0001,2025-07-01,102000.0,90916.66666666667
Stable,ST0066,A0001,2025-08-01,70000.0,90916.66666666667
Stable,ST0066,A0001,2025-09-01,89000.0,90916.66666666667
Stable,ST0066,A0001,2025-10-01,93000.0,90916.66666666667
Stable,ST0066,A0001,2025-11-01,90000.0,90916.66666666667
Stable,ST0066,A0001,2025-12-01,120000.0,90916.66666666667
Stable,ST0066,A0002,2025-07-01,113000.0,61258.71386574364
Stable,ST0066,A0002,2025-08-01,105000.0,54303.660742746055
Stable,ST0066,A0002,2025-09-01,90000.0,63987.240834164775
Stable,ST0066,A0002,2025-10-01,85000.0,58530.18689732251
Stable,ST0066,A0002,2025-11-01,84000.0,58530.18689732251
Stable,ST0066,A0002,2025-12-01,88000.0,61676.01174231102
Stable,ST0067,A0001,2025-04-01,60000.0,57127.05060868812
Stable,ST0067,A0001,2025-05-01,44000.0,56328.32967215535
Stable,ST0067,A0001,2025-06-01,46000.0,56106.273851615995
Stable,ST0067,A0001,2025-07-01,50000.0,56044.5391640924
Stable,ST0067,A0001,2025-08-01,45000.0,56027.376039818606
Stable,ST0067,A0001,2025-09-01,30000.0,56022.60444630037
Stable,ST0067,A0001,2025-10-01,45000.0,56021.27787519711
Stable,ST0067,A0001,2025-11-01,59000.0,56020.90906949619
Stable,ST0067,A0001,2025-12-01,50000.0,56020.80653624736
Stable,ST0067,A0002,2025-04-01,45000.0,29242.424242424233
Stable,ST0067,A0002,2025-05-01,30000.0,29242.424242424233
Stable,ST0067,A0002,2025-06-01,27000.0,29242.424242424233
Stable,ST0067,A0002,2025-07-01,40000.0,29242.424242424233
Stable,ST0067,A0002,2025-08-01,15000.0,29242.424242424233
Stable,ST0067,A0002,2025-09-01,25000.0,29242.424242424233
Stable,ST0067,A0002,2025-10-01,30000.0,29242.424242424233
Stable,ST0067,A0002,2025-11-01,30000.0,29242.424242424233
Stable,ST0067,A0002,2025-12-01,45000.0,29242.424242424233
Stable,ST0068,A0001,2025-03-01,50000.0,48924.94784837216
Stable,ST0068,A0001,2025-04-01,62000.0,51079.78097281768
Stable,ST0068,A0001,2025-05-01,61000.0,52262.80453735584
Stable,ST0068,A0001,2025-06-01,45000.0,52912.29555286671
Stable,ST0068,A0001,2025-07-01,78000.0,53268.87220262602
Stable,ST0068,A0001,2025-08-01,53000.0,53464.63612255272
Stable,ST0068,A0001,2025-09-01,53000.0,53572.1123478494
Stable,ST0068,A0001,2025-10-01,78000.0,53631.11780201249
Stable,ST0068,A0001,2025-11-01,20000.0,53663.51234891235
Stable,ST0068,A0001,2025-12-01,50000.0,53681.29725852335
Stable,ST0073,A0001,2025-05-01,60000.0,62355.303774010055
Stable,ST0073,A0001,2025-06-01,60000.0,63596.59933614675
Stable,ST0073,A0001,2025-07-01,75000.0,64250.788697868404
Stable,ST0073,A0001,2025-08-01,60000.0,64595.56051051641
Stable,ST0073,A0001,2025-09-01,62000.0,64777.26264410623
Stable,ST0073,A0001,2025-10-01,75000.0,64873.02356231332
Stable,ST0073,A0001,2025-11-01,60000.0,64923.491618327265
Stable,ST0073,A0001,2025-12-01,76000.0,64950.0893653572
Stable,ST0074,A0001,2025-06-01,31000.0,58592.59259259259
Stable,ST0074,A0001,2025-07-01,67000.0,58592.59259259259
Stable,ST0074,A0001,2025-08-01,52000.0,58592.59259259259
Stable,ST0074,A0001,2025-09-01,34000.0,58592.59259259259
Stable,ST0074,A0001,2025-10-01,45000.0,58592.59259259259
Stable,ST0074,A0001,2025-11-01,49000.0,58592.59259259259
Stable,ST0074,A0001,2025-12-01,19000.0,58592.59259259259
Stable,ST0074,A0002,2025-06-01,61000.0,87111.11111111112
Stable,ST0074,A0002,2025-07-01,63000.0,87111.11111111112
Stable,ST0074,A0002,2025-08-01,36000.0,87111.11111111112
Stable,ST0074,A0002,2025-09-01,33000.0,87111.11111111112
Stable,ST0074,A0002,2025-10-01,76000.0,87111.11111111112
Stable,ST0074,A0002,2025-11-01,46000.0,87111.11111111112
Stable,ST0074,A0002,2025-12-01,106000.0,87111.11111111112
Stable,ST0081,A0001,2024-12-01,10000.0,15041.666666666666
Stable,ST0081,A0001,2025-01-01,10000.0,15041.666666666666
Stable,ST0081,A0001,2025-02-01,10000.0,15041.666666666666
Stable,ST0081,A0001,2025-08-01,15000.0,15041.666666666666
Stable,ST0081,A0001,2025-10-01,15000.0,15041.666666666666
Stable,ST0081,A0001,2025-11-01,15000.0,15041.666666666666
Stable,ST0081,A0001,2025-12-01,13000.0,15041.666666666666
Stable,ST0084,A0001,2025-06-01,118000.0,159208.33333333337
Stable,ST0084,A0001,2025-07-01,168000.0,159208.33333333337
Stable,ST0084,A0001,2025-08-01,117000.0,159208.33333333337
Stable,ST0084,A0001,2025-09-01,126000.0,159208.33333333337
Stable,ST0084,A0001,2025-10-01,148000.0,159208.33333333337
Stable,ST0084,A0001,2025-11-01,131000.0,159208.33333333337
Stable,ST0084,A0001,2025-12-01,150000.0,159208.33333333337
Stable,ST0084,A0002,2025-06-01,37000.0,52654.346574543764
Stable,ST0084,A0002,2025-07-01,54000.0,55171.90671270606
Stable,ST0084,A0002,2025-08-01,30000.0,55171.90671270606
Stable,ST0084,A0002,2025-09-01,45000.0,55171.90671270606
Stable,ST0084,A0002,2025-10-01,45000.0,55171.90671270606
Stable,ST0084,A0002,2025-11-01,45000.0,55171.90671270606
Stable,ST0084,A0002,2025-12-01,49000.0,55171.90671270606
Stable,ST0085,A0002,2025-01-01,10000.0,14133.333333333332
Stable,ST0085,A0002,2025-02-01,15000.0,14133.333333333332
Stable,ST0085,A0002,2025-03-01,10000.0,14133.333333333332
Stable,ST0085,A0002,2025-04-01,19000.0,14133.333333333332
Stable,ST0085,A0002,2025-05-01,10000.0,14133.333333333332
Stable,ST0085,A0002,2025-06-01,15000.0,14133.333333333332
Stable,ST0085,A0002,2025-07-01,20000.0,14133.333333333332
Stable,ST0085,A0002,2025-08-01,15000.0,14133.333333333332
Stable,ST0085,A0002,2025-09-01,10000.0,14133.333333333332
Stable,ST0085,A0002,2025-10-01,15000.0,14133.333333333332
Stable,ST0085,A0002,2025-11-01,15000.0,14133.333333333332
Stable,ST0085,A0002,2025-12-01,23000.0,14133.333333333332
Modere,ST0001,A0002,2025-07-01,35000.0,34500.0
Modere,ST0001,A0002,2025-08-01,67000.0,-4499.999999999996
Modere,ST0001,A0002,2025-09-01,40000.0,30499.999999999996
Modere,ST0001,A0002,2025-10-01,59000.0,20499.999999999996
Modere,ST0001,A0002,2025-11-01,20000.0,-6500.000000000011
Modere,ST0001,A0002,2025-12-01,56000.0,21500.00000000001
Modere,ST0003,A0001,2024-12-01,30000.0,41991.33100531728
Modere,ST0003,A0001,2025-01-01,30000.0,39523.068613986106
Modere,ST0003,A0001,2025-02-01,43000.0,38003.28256017597
Modere,ST0003,A0001,2025-03-01,3000.0,37067.50293744709
Modere,ST0003,A0001,2025-05-01,15000.0,36491.31426923339
Modere,ST0003,A0001,2025-06-01,15000.0,36136.53695488055
Modere,ST0003,A0001,2025-07-01,15000.0,35918.089509238074
Modere,ST0003,A0001,2025-08-01,16000.0,35783.58461115921
Modere,ST0003,A0001,2025-09-01,31000.0,35700.76575487094
Modere,ST0003,A0001,2025-10-01,33000.0,35649.77160480752
Modere,ST0003,A0001,2025-11-01,15000.0,35618.37291787518
Modere,ST0003,A0001,2025-12-01,72000.0,35599.039768095274
Modere,ST0003,A0002,2024-12-01,30000.0,32854.46367569474
Modere,ST0003,A0002,2025-01-01,15000.0,33409.77753057448
Modere,ST0003,A0002,2025-03-01,20000.0,33930.3658798448
Modere,ST0003,A0002,2025-04-01,52000.0,34450.88452275658
Modere,ST0003,A0002,2025-05-01,39000.0,34971.40302574308
Modere,ST0003,A0002,2025-06-01,20000.0,35491.92152844869
Modere,ST0003,A0002,2025-07-01,35000.0,36012.44003115374
Modere,ST0003,A0002,2025-08-01,33000.0,36532.958533858786
Modere,ST0003,A0002,2025-09-01,32000.0,37053.47703656383
Modere,ST0003,A0002,2025-10-01,20000.0,37573.99553926888
Modere,ST0003,A0002,2025-11-01,41000.0,38094.514041973925
Modere,ST0004,A0002,2025-06-01,15000.0,15952.380952380952
Modere,ST0004,A0002,2025-07-01,10000.0,15952.380952380952
Modere,ST0004,A0002,2025-08-01,6000.0,15952.380952380952
Modere,ST0004,A0002,2025-09-01,5000.0,15952.380952380952
Modere,ST0004,A0002,2025-10-01,10000.0,15952.380952380952
Modere,ST0004,A0002,2025-11-01,5000.0,15952.380952380952
Modere,ST0009,A0001,2025-03-01,25000.0,26690.184845600994
Modere,ST0009,A0001,2025-04-01,30000.0,26690.184845600994
Modere,ST0009,A0001,2025-05-01,35000.0,26690.184845600994
Modere,ST0009,A0001,2025-06-01,15000.0,26690.184845600994
Modere,ST0009,A0001,2025-07-01,45000.0,26690.184845600994
Modere,ST0009,A0001,2025-11-01,25000.0,26690.184845600994
Modere,ST0009,A0001,2025-12-01,30000.0,26690.184845600994
Modere,ST0010,A0002,2025-01-01,20000.0,21610.00132949928
Modere,ST0010,A0002,2025-02-01,15000.0,22455.118500585544
Modere,ST0010,A0002,2025-03-01,10000.0,22898.734924857054
Modere,ST0010,A0002,2025-04-01,16000.0,23131.59675587451
Modere,ST0010,A0002,2025-05-01,17000.0,23253.82990455436
Modere,ST0010,A0002,2025-06-01,13000.0,23317.99217009572
Modere,ST0010,A0002,2025-07-01,20000.0,23351.672038150034
Modere,ST0010,A0002,2025-08-01,15000.0,23369.351175608557
Modere,ST0010,A0002,2025-09-01,25000.0,23378.631256539193
Modere,ST0010,A0002,2025-10-01,22000.0,23383.50252937596
Modere,ST0010,A0002,2025-11-01,20000.0,23386.059543611897
Modere,ST0010,A0002,2025-12-01,22000.0,23387.401764017497
Modere,ST0011,A0002,2025-01-01,5000.0,18811.73759757631
Modere,ST0011,A0002,2025-02-01,11000.0,16062.886247375867
Modere,ST0011,A0002,2025-03-01,10000.0,16062.886247375867
Modere,ST0011,A0002,2025-04-01,15000.0,16062.886247375867
Modere,ST0011,A0002,2025-05-01,12000.0,16062.886247375867
Modere,ST0011,A0002,2025-06-01,13000.0,16062.886247375867
Modere,ST0011,A0002,2025-07-01,10000.0,16062.886247375867
Modere,ST0011,A0002,2025-08-01,15000.0,16062.886247375867
Modere,ST0011,A0002,2025-09-01,10000.0,16062.886247375867
Modere,ST0011,A0002,2025-10-01,10000.0,16062.886247375867
Modere,ST0011,A0002,2025-11-01,15000.0,16062.886247375867
Modere,ST0011,A0002,2025-12-01,10000.0,16062.886247375867
Modere,ST0012,A0001,2025-01-01,43000.0,47000.0
Modere,ST0012,A0001,2025-02-01,30000.0,47000.0
Modere,ST0012,A0001,2025-03-01,19000.0,47000.0
Modere,ST0012,A0001,2025-04-01,26000.0,47000.0
Modere,ST0012,A0001,2025-05-01,20000.0,47000.0
Modere,ST0012,A0001,2025-06-01,20000.0,47000.0
Modere,ST0012,A0001,2025-07-01,33000.0,47000.0
Modere,ST0012,A0001,2025-08-01,20000.0,47000.0
Modere,ST0012,A0001,2025-09-01,25000.0,47000.0
Modere,ST0012,A0001,2025-10-01,45000.0,47000.0
Modere,ST0012,A0001,2025-11-01,31000.0,47000.0
Modere,ST0012,A0001,2025-12-01,35000.0,47000.0
Modere,ST0012,A0002,2025-01-01,32000.0,45847.436378786406
Modere,ST0012,A0002,2025-02-01,30000.0,44536.00125920213
Modere,ST0012,A0002,2025-03-01,20000.0,44503.93572777663
Modere,ST0012,A0002,2025-04-01,33000.0,45003.38732891408
Modere,ST0012,A0002,2025-05-01,35000.0,44906.44831526567
Modere,ST0012,A0002,2025-06-01,21000.0,44740.05203886227
Modere,ST0012,A0002,2025-07-01,22000.0,44812.76097285081
Modere,ST0012,A0002,2025-08-01,20000.0,44859.379151777925
Modere,ST0012,A0002,2025-09-01,12000.0,44821.904290018276
Modere,ST0012,A0002,2025-10-01,35000.0,44812.57575243313
Modere,ST0012,A0002,2025-11-01,25000.0,44828.683357120724
Modere,ST0012,A0002,2025-12-01,25000.0,44828.67163666572
Modere,ST0014,A0001,2025-02-01,6000.0,11452.380952380949
Modere,ST0014,A0001,2025-03-01,19000.0,11452.380952380949
Modere,ST0014,A0001,2025-04-01,25000.0,11452.380952380949
Modere,ST0014,A0001,2025-05-01,17000.0,11452.380952380949
Modere,ST0014,A0001,2025-06-01,15000.0,11452.380952380949
Modere,ST0014,A0001,2025-07-01,11000.0,11452.380952380949
Modere,ST0014,A0001,2025-08-01,16000.0,11452.380952380949
Modere,ST0014,A0001,2025-09-01,12000.0,11452.380952380949
Modere,ST0014,A0001,2025-10-01,10000.0,11452.380952380949
Modere,ST0014,A0001,2025-11-01,15000.0,11452.380952380949
Modere,ST0014,A0001,2025-12-01,15000.0,11452.380952380949
Modere,ST0014,A0002,2025-02-01,26000.0,18495.28119146793
Modere,ST0014,A0002,2025-03-01,16000.0,19221.271963132956
Modere,ST0014,A0002,2025-04-01,24000.0,22092.627095453052
Modere,ST0014,A0002,2025-05-01,11000.0,19675.98899039208
Modere,ST0014,A0002,2025-06-01,17000.0,23076.900383206565
Modere,ST0014,A0002,2025-07-01,22000.0,19017.283628008172
Modere,ST0014,A0002,2025-08-01,16000.0,17095.55641382868
Modere,ST0014,A0002,2025-09-01,18000.0,20986.744313734034
Modere,ST0014,A0002,2025-10-01,15000.0,19555.59333432664
Modere,ST0014,A0002,2025-11-01,16000.0,21476.864873528964
Modere,ST0014,A0002,2025-12-01,25000.0,18555.036673008228
Modere,ST0016,A0002,2025-01-01,28000.0,50538.25300196465
Modere,ST0016,A0002,2025-02-01,32000.0,52322.364617707055
Modere,ST0016,A0002,2025-03-01,41000.0,53221.97644751672
Modere,ST0016,A0002,2025-04-01,46000.0,53675.5923744534
Modere,ST0016,A0002,2025-05-01,35000.0,53904.321479999024
Modere,ST0016,A0002,2025-06-01,35000.0,54019.65474018017
Modere,ST0016,A0002,2025-07-01,43000.0,54077.8098266187
Modere,ST0016,A0002,2025-08-01,37000.0,54107.13366670924
Modere,ST0016,A0002,2025-09-01,29000.0,54121.919778300085
Modere,ST0016,A0002,2025-10-01,44000.0,54129.37545584102
Modere,ST0016,A0002,2025-11-01,40000.0,54133.134870698195
Modere,ST0016,A0002,2025-12-01,51000.0,54135.03049990033
Modere,ST0018,A0001,2025-01-01,25000.0,17606.725173007922
Modere,ST0018,A0001,2025-02-01,10000.0,19118.13613207781
Modere,ST0018,A0001,2025-04-01,15000.0,19994.470588372107
Modere,ST0018,A0001,2025-05-01,15000.0,20502.5799643695
Modere,ST0018,A0001,2025-06-01,5000.0,20797.187960348787
Modere,ST0018,A0001,2025-07-01,16000.0,20968.00525952686
Modere,ST0018,A0001,2025-08-01,13000.0,21067.04720712065
Modere,ST0018,A0001,2025-09-01,15000.0,21124.47293291289
Modere,ST0018,A0001,2025-10-01,15000.0,21157.76906715583
Modere,ST0018,A0001,2025-11-01,10000.0,21177.07457074729
Modere,ST0018,A0001,2025-12-01,15000.0,21188.26813652884
Modere,ST0020,A0002,2022-10-01,12000.0,18000.000000000004
Modere,ST0020,A0002,2022-11-01,24000.0,24000.0
Modere,ST0020,A0002,2022-12-01,15000.0,30000.0
Modere,ST0020,A0002,2023-01-01,14000.0,21000.0
Modere,ST0020,A0002,2023-02-01,3000.0,26000.0
Modere,ST0022,A0001,2025-01-01,48000.0,55939.56536895476
Modere,ST0022,A0001,2025-02-01,30000.0,59848.31888407175
Modere,ST0022,A0001,2025-03-01,54000.0,58932.32992752885
Modere,ST0022,A0001,2025-04-01,54000.0,56522.57071425154
Modere,ST0022,A0001,2025-05-01,36000.0,58087.3774402358
Modere,ST0022,A0001,2025-06-01,36000.0,56895.12785026719
Modere,ST0022,A0001,2025-07-01,54000.0,56092.76549629368
Modere,ST0022,A0001,2025-08-01,34000.0,56449.430145312894
Modere,ST0022,A0001,2025-09-01,49000.0,55579.44235608379
Modere,ST0022,A0001,2025-10-01,60000.0,55225.07612418344
Modere,ST0022,A0001,2025-11-01,46000.0,55091.70575728056
Modere,ST0022,A0001,2025-12-01,39000.0,54509.32056498673
Modere,ST0022,A0002,2025-02-01,15000.0,34186.02830188069
Modere,ST0022,A0002,2025-03-01,36000.0,32978.21245717548
Modere,ST0022,A0002,2025-04-01,54000.0,32173.999736418355
Modere,ST0022,A0002,2025-05-01,40000.0,31638.522326461512
Modere,ST0022,A0002,2025-06-01,36000.0,31281.97977351092
Modere,ST0022,A0002,2025-07-01,51000.0,31044.579297410965
Modere,ST0022,A0002,2025-08-01,33000.0,30886.508442793238
Modere,ST0022,A0002,2025-09-01,16000.0,30781.25846398082
Modere,ST0022,A0002,2025-10-01,32000.0,30711.178764172757
Modere,ST0022,A0002,2025-11-01,28000.0,30664.51686095336
Modere,ST0022,A0002,2025-12-01,64000.0,30633.447475410623
Modere,ST0023,A0001,2025-01-01,15000.0,24053.81981502431
Modere,ST0023,A0001,2025-02-01,30000.0,27589.52569424406
Modere,ST0023,A0001,2025-03-01,30000.0,25487.131270352213
Modere,ST0023,A0001,2025-04-01,30000.0,26737.252876787123
Modere,ST0023,A0001,2025-05-01,15000.0,25993.9080442878
Modere,ST0023,A0001,2025-06-01,15000.0,26435.914275648956
Modere,ST0023,A0001,2025-07-01,30000.0,26173.08940619341
Modere,ST0023,A0001,2025-08-01,30000.0,26329.36980928095
Modere,ST0023,A0001,2025-09-01,15000.0,26236.442665667037
Modere,ST0023,A0001,2025-10-01,30000.0,26291.69881966738
Modere,ST0023,A0001,2025-11-01,15000.0,26258.8425148659
Modere,ST0023,A0001,2025-12-01,30000.0,26278.37946572211
Modere,ST0023,A0002,2025-01-01,30000.0,22853.133080574284
Modere,ST0023,A0002,2025-02-01,39000.0,22853.133080574284
Modere,ST0023,A0002,2025-03-01,18000.0,22853.133080574284
Modere,ST0023,A0002,2025-04-01,36000.0,22853.133080574284
Modere,ST0023,A0002,2025-05-01,18000.0,22853.133080574284
Modere,ST0023,A0002,2025-06-01,18000.0,22853.133080574284
Modere,ST0023,A0002,2025-07-01,18000.0,22853.133080574284
Modere,ST0023,A0002,2025-08-01,30000.0,22853.133080574284
Modere,ST0023,A0002,2025-09-01,18000.0,22853.133080574284
Modere,ST0023,A0002,2025-10-01,15000.0,22853.133080574284
Modere,ST0023,A0002,2025-11-01,30000.0,22853.133080574284
Modere,ST0023,A0002,2025-12-01,30000.0,22853.133080574284
Modere,ST0024,A0001,2025-03-01,25000.0,17273.5945945946
Modere,ST0024,A0001,2025-04-01,5000.0,17273.5945945946
Modere,ST0024,A0001,2025-05-01,8000.0,17273.5945945946
Modere,ST0024,A0001,2025-06-01,5000.0,17273.5945945946
Modere,ST0024,A0001,2025-07-01,20000.0,17273.5945945946
Modere,ST0024,A0001,2025-08-01,5000.0,17273.5945945946
Modere,ST0024,A0001,2025-09-01,10000.0,17273.5945945946
Modere,ST0024,A0001,2025-10-01,25000.0,17273.5945945946
Modere,ST0024,A0001,2025-11-01,10000.0,17273.5945945946
Modere,ST0024,A0001,2025-12-01,5000.0,17273.5945945946
Modere,ST0024,A0002,2025-01-01,80000.0,73287.93814925285
Modere,ST0024,A0002,2025-02-01,80000.0,76337.15555611112
Modere,ST0024,A0002,2025-03-01,35000.0,77093.81030822286
Modere,ST0024,A0002,2025-04-01,95000.0,77281.57206394602
Modere,ST0024,A0002,2025-05-01,75000.0,77328.16461730518
Modere,ST0024,A0002,2025-06-01,40000.0,77339.72642881556
Modere,ST0024,A0002,2025-07-01,70000.0,77342.59545993242
Modere,ST0024,A0002,2025-08-01,20000.0,77343.30740196175
Modere,ST0024,A0002,2025-09-01,35000.0,77343.48406838065
Modere,ST0024,A0002,2025-10-01,35000.0,77343.52790765729
Modere,ST0024,A0002,2025-11-01,55000.0,77343.5387862509
Modere,ST0024,A0002,2025-12-01,60000.0,77343.5414857434
Modere,ST0028,A0001,2024-06-01,5000.0,4434.200429997886
Modere,ST0028,A0001,2024-07-01,4000.0,4434.200429997886
Modere,ST0028,A0001,2024-08-01,4000.0,4434.200429997886
Modere,ST0028,A0001,2024-09-01,4000.0,4434.200429997886
Modere,ST0028,A0001,2024-10-01,4000.0,4434.200429997886
Modere,ST0028,A0001,2024-12-01,6000.0,4434.200429997886
Modere,ST0028,A0001,2025-01-01,5000.0,4434.200429997886
Modere,ST0028,A0001,2025-03-01,4000.0,4434.200429997886
Modere,ST0028,A0001,2025-06-01,4000.0,4434.200429997886
Modere,ST0037,A0001,2023-06-01,16000.0,8000.0
Modere,ST0037,A0001,2023-07-01,10000.0,5999.999999999999
Modere,ST0037,A0001,2023-09-01,10000.0,4000.0
Modere,ST0037,A0001,2024-08-01,5000.0,4000.0
Modere,ST0037,A0001,2025-05-01,4000.0,4000.0
Modere,ST0037,A0002,2024-03-01,10000.0,16166.666666666662
Modere,ST0037,A0002,2024-05-01,10000.0,16166.666666666662
Modere,ST0037,A0002,2024-07-01,15000.0,16166.666666666662
Modere,ST0037,A0002,2024-09-01,14000.0,16166.666666666662
Modere,ST0037,A0002,2025-02-01,4000.0,16166.666666666662
Modere,ST0037,A0002,2025-03-01,9000.0,16166.666666666662
Modere,ST0037,A0002,2025-05-01,20000.0,16166.666666666662
Modere,ST0037,A0002,2025-08-01,13000.0,16166.666666666662
Modere,ST0042,A0001,2025-01-01,50000.0,49910.058699067165
Modere,ST0042,A0001,2025-02-01,30000.0,52201.39122347847
Modere,ST0042,A0001,2025-03-01,30000.0,53270.66657418305
Modere,ST0042,A0001,2025-04-01,45000.0,53769.655596266675
Modere,ST0042,A0001,2025-05-01,45000.0,54002.514273871
Modere,ST0042,A0001,2025-06-01,30000.0,54111.18031928662
Modere,ST0042,A0001,2025-07-01,30000.0,54161.89051633728
Modere,ST0042,A0001,2025-08-01,45000.0,54185.55498369763
Modere,ST0042,A0001,2025-09-01,30000.0,54196.598265877925
Modere,ST0042,A0001,2025-10-01,30000.0,54201.75173413295
Modere,ST0042,A0001,2025-11-01,30000.0,54204.156656385414
Modere,ST0042,A0001,2025-12-01,27000.0,54205.27893962345
Modere,ST0043,A0002,2025-04-01,15000.0,32914.28571428571
Modere,ST0043,A0002,2025-05-01,15000.0,32914.28571428571
Modere,ST0043,A0002,2025-06-01,15000.0,32914.28571428571
Modere,ST0043,A0002,2025-07-01,15000.0,32914.28571428571
Modere,ST0043,A0002,2025-08-01,13000.0,32914.28571428571
Modere,ST0043,A0002,2025-09-01,10000.0,32914.28571428571
Modere,ST0043,A0002,2025-10-01,10000.0,32914.28571428571
Modere,ST0043,A0002,2025-11-01,30000.0,32914.28571428571
Modere,ST0043,A0002,2025-12-01,30000.0,32914.28571428571
Modere,ST0047,A0002,2025-05-01,15000.0,49187.500000000015
Modere,ST0047,A0002,2025-06-01,35000.0,49187.500000000015
Modere,ST0047,A0002,2025-07-01,35000.0,49187.500000000015
Modere,ST0047,A0002,2025-08-01,20000.0,49187.500000000015
Modere,ST0047,A0002,2025-09-01,15000.0,49187.500000000015
Modere,ST0047,A0002,2025-10-01,15000.0,49187.500000000015
Modere,ST0047,A0002,2025-11-01,15000.0,49187.500000000015
Modere,ST0047,A0002,2025-12-01,15000.0,49187.500000000015
Modere,ST0050,A0002,2025-06-01,15000.0,15000.0
Modere,ST0050,A0002,2025-07-01,30000.0,15000.0
Modere,ST0050,A0002,2025-08-01,15000.0,15000.0
Modere,ST0050,A0002,2025-09-01,15000.0,30000.0
Modere,ST0050,A0002,2025-11-01,10000.0,30000.0
Modere,ST0050,A0002,2025-12-01,10000.0,30000.0
Modere,ST0053,A0001,2025-04-01,15000.0,19000.0
Modere,ST0053,A0001,2025-05-01,16000.0,19000.0
Modere,ST0053,A0001,2025-06-01,5000.0,19000.0
Modere,ST0053,A0001,2025-07-01,15000.0,19000.0
Modere,ST0053,A0001,2025-08-01,17000.0,19000.0
Modere,ST0053,A0001,2025-09-01,12000.0,19000.0
Modere,ST0053,A0001,2025-10-01,10000.0,19000.0
Modere,ST0053,A0001,2025-11-01,11000.0,19000.0
Modere,ST0053,A0001,2025-12-01,17000.0,19000.0
Modere,ST0055,A0001,2024-10-01,42000.0,47000.0
Modere,ST0055,A0001,2024-11-01,30000.0,47000.0
Modere,ST0055,A0001,2024-12-01,40000.0,47000.0
Modere,ST0055,A0001,2025-01-01,31000.0,47000.0
Modere,ST0055,A0001,2025-02-01,20000.0,47000.0
Modere,ST0055,A0001,2025-03-01,30000.0,47000.0
Modere,ST0055,A0001,2025-04-01,30000.0,47000.0
Modere,ST0055,A0001,2025-05-01,30000.0,47000.0
Modere,ST0055,A0001,2025-06-01,20000.0,47000.0
Modere,ST0055,A0001,2025-07-01,30000.0,47000.0
Modere,ST0055,A0001,2025-08-01,30000.0,47000.0
Modere,ST0055,A0001,2025-12-01,5000.0,47000.0
Modere,ST0057,A0002,2025-05-01,50000.0,79781.25000000001
Modere,ST0057,A0002,2025-06-01,25000.0,79781.25000000001
Modere,ST0057,A0002,2025-07-01,25000.0,79781.25000000001
Modere,ST0057,A0002,2025-08-01,25000.0,79781.25000000001
Modere,ST0057,A0002,2025-09-01,25000.0,79781.25000000001
Modere,ST0057,A0002,2025-10-01,25000.0,79781.25000000001
Modere,ST0057,A0002,2025-11-01,25000.0,79781.25000000001
Modere,ST0057,A0002,2025-12-01,55000.0,79781.25000000001
Modere,ST0059,A0001,2025-01-01,13000.0,28969.65847624508
Modere,ST0059,A0001,2025-02-01,20000.0,28969.65847624508
Modere,ST0059,A0001,2025-03-01,20000.0,28969.65847624508
Modere,ST0059,A0001,2025-04-01,22000.0,28969.65847624508
Modere,ST0059,A0001,2025-05-01,20000.0,28969.65847624508
Modere,ST0059,A0001,2025-06-01,10000.0,28969.65847624508
Modere,ST0059,A0001,2025-07-01,10000.0,28969.65847624508
Modere,ST0059,A0001,2025-08-01,10000.0,28969.65847624508
Modere,ST0059,A0001,2025-09-01,20000.0,28969.65847624508
Modere,ST0059,A0001,2025-10-01,10000.0,28969.65847624508
Modere,ST0059,A0001,2025-11-01,10000.0,28969.65847624508
Modere,ST0059,A0001,2025-12-01,20000.0,28969.65847624508
Modere,ST0059,A0002,2025-01-01,10000.0,21266.666666666668
Modere,ST0059,A0002,2025-02-01,20000.0,21266.666666666668
Modere,ST0059,A0002,2025-03-01,10000.0,21266.666666666668
Modere,ST0059,A0002,2025-04-01,20000.0,21266.666666666668
Modere,ST0059,A0002,2025-05-01,10000.0,21266.666666666668
Modere,ST0059,A0002,2025-06-01,10000.0,21266.666666666668
Modere,ST0059,A0002,2025-07-01,10000.0,21266.666666666668
Modere,ST0059,A0002,2025-08-01,20000.0,21266.666666666668
Modere,ST0059,A0002,2025-09-01,10000.0,21266.666666666668
Modere,ST0059,A0002,2025-10-01,10000.0,21266.666666666668
Modere,ST0059,A0002,2025-11-01,20000.0,21266.666666666668
Modere,ST0059,A0002,2025-12-01,10000.0,21266.666666666668
Modere,ST0062,A0001,2025-07-01,10000.0,11228.69394768587
Modere,ST0062,A0001,2025-08-01,15000.0,11228.69394768587
Modere,ST0062,A0001,2025-09-01,14000.0,11228.69394768587
Modere,ST0062,A0001,2025-10-01,15000.0,11228.69394768587
Modere,ST0062,A0001,2025-11-01,10000.0,11228.69394768587
Modere,ST0062,A0001,2025-12-01,20000.0,11228.69394768587
Modere,ST0068,A0002,2025-03-01,30000.0,22706.09888133011
Modere,ST0068,A0002,2025-04-01,48000.0,20964.781631347916
Modere,ST0068,A0002,2025-05-01,48000.0,21792.12228288458
Modere,ST0068,A0002,2025-06-01,18000.0,21335.133983661814
Modere,ST0068,A0002,2025-07-01,48000.0,18309.487782920194
Modere,ST0068,A0002,2025-08-01,18000.0,19136.828434456856
Modere,ST0068,A0002,2025-09-01,33000.0,18422.974345082206
Modere,ST0068,A0002,2025-10-01,42000.0,19507.180786770754
Modere,ST0068,A0002,2025-11-01,18000.0,19050.19248754799
Modere,ST0068,A0002,2025-12-01,30000.0,17308.875237565797
Modere,ST0073,A0002,2025-05-01,15000.0,29892.85714285714
Modere,ST0073,A0002,2025-06-01,30000.0,29892.85714285714
Modere,ST0073,A0002,2025-07-01,30000.0,29892.85714285714
Modere,ST0073,A0002,2025-08-01,30000.0,29892.85714285714
Modere,ST0073,A0002,2025-09-01,40000.0,29892.85714285714
Modere,ST0073,A0002,2025-10-01,30000.0,29892.85714285714
Modere,ST0073,A0002,2025-11-01,30000.0,29892.85714285714
Modere,ST0073,A0002,2025-12-01,20000.0,29892.85714285714
Modere,ST0075,A0001,2025-07-01,16000.0,10000.0
Modere,ST0075,A0001,2025-09-01,10000.0,10000.0
Modere,ST0075,A0001,2025-10-01,10000.0,18000.0
Modere,ST0075,A0001,2025-11-01,10000.0,24999.999999999996
Modere,ST0075,A0001,2025-12-01,13000.0,5000.0
Modere,ST0078,A0001,2025-01-01,10000.0,18795.481993560454
Modere,ST0078,A0001,2025-02-01,5000.0,18795.481993560454
Modere,ST0078,A0001,2025-03-01,5000.0,18795.481993560454
Modere,ST0078,A0001,2025-04-01,10000.0,18795.481993560454
Modere,ST0078,A0001,2025-05-01,10000.0,18795.481993560454
Modere,ST0078,A0001,2025-06-01,10000.0,18795.481993560454
Modere,ST0078,A0001,2025-07-01,10000.0,18795.481993560454
Modere,ST0078,A0001,2025-08-01,10000.0,18795.481993560454
Modere,ST0078,A0001,2025-09-01,10000.0,18795.481993560454
Modere,ST0078,A0001,2025-10-01,10000.0,18795.481993560454
Modere,ST0078,A0001,2025-11-01,10000.0,18795.481993560454
Modere,ST0078,A0001,2025-12-01,10000.0,18795.481993560454
Modere,ST0078,A0002,2024-09-01,15000.0,17583.541825281987
Modere,ST0078,A0002,2024-10-01,15000.0,17583.541825281987
Modere,ST0078,A0002,2024-11-01,15000.0,17583.541825281987
Modere,ST0078,A0002,2024-12-01,30000.0,17583.541825281987
Modere,ST0078,A0002,2025-01-01,15000.0,17583.541825281987
Modere,ST0078,A0002,2025-03-01,15000.0,17583.541825281987
Modere,ST0078,A0002,2025-04-01,15000.0,17583.541825281987
Modere,ST0078,A0002,2025-05-01,15000.0,17583.541825281987
Modere,ST0078,A0002,2025-07-01,15000.0,17583.541825281987
Modere,ST0078,A0002,2025-08-01,15000.0,17583.541825281987
Modere,ST0078,A0002,2025-10-01,15000.0,17583.541825281987
Modere,ST0078,A0002,2025-11-01,15000.0,17583.541825281987
Modere,ST0080,A0001,2025-03-01,16000.0,15199.205444922774
Modere,ST0080,A0001,2025-04-01,10000.0,16962.015303485787
Modere,ST0080,A0001,2025-05-01,21000.0,17933.34979604819
Modere,ST0080,A0001,2025-06-01,11000.0,18468.569571373577
Modere,ST0080,A0001,2025-07-01,20000.0,18763.483640721268
Modere,ST0080,A0001,2025-08-01,11000.0,18925.985686252636
Modere,ST0080,A0001,2025-09-01,20000.0,19015.526734125626
Modere,ST0080,A0001,2025-10-01,12000.0,19064.86518539235
Modere,ST0080,A0001,2025-11-01,15000.0,19092.051407032865
Modere,ST0080,A0001,2025-12-01,21000.0,19107.031420148633
Modere,ST0080,A0002,2025-03-01,13000.0,12150.0
Modere,ST0080,A0002,2025-04-01,14000.0,12150.0
Modere,ST0080,A0002,2025-05-01,8000.0,12150.0
Modere,ST0080,A0002,2025-06-01,10000.0,12150.0
Modere,ST0080,A0002,2025-07-01,9000.0,12150.0
Modere,ST0080,A0002,2025-08-01,10000.0,12150.0
Modere,ST0080,A0002,2025-09-01,13000.0,12150.0
Modere,ST0080,A0002,2025-10-01,8000.0,12150.0
Modere,ST0080,A0002,2025-11-01,9000.0,12150.0
Modere,ST0080,A0002,2025-12-01,17000.0,12150.0
Modere,ST0081,A0002,2025-01-01,15000.0,27109.38093583502
Modere,ST0081,A0002,2025-02-01,15000.0,32084.292915016496
Modere,ST0081,A0002,2025-03-01,15000.0,33617.66371125487
Modere,ST0081,A0002,2025-08-01,15000.0,30176.122528311764
Modere,ST0081,A0002,2025-09-01,20000.0,33310.989552007195
Modere,ST0081,A0002,2025-10-01,25000.0,37911.10194072231
Modere,ST0081,A0002,2025-11-01,25000.0,37297.75362222696
Modere,ST0081,A0002,2025-12-01,26000.0,30940.039884142414
Modere,ST0083,A0001,2025-03-01,20000.0,21246.971740258454
Modere,ST0083,A0001,2025-04-01,23000.0,23581.136676290764
Modere,ST0083,A0001,2025-05-01,10000.0,25259.108147692925
Modere,ST0083,A0001,2025-06-01,15000.0,26465.35892088188
Modere,ST0083,A0001,2025-07-01,20000.0,27332.501749361014
Modere,ST0083,A0001,2025-08-01,15000.0,27955.86854977756
Modere,ST0083,A0001,2025-09-01,15000.0,28403.99099869765
Modere,ST0083,A0001,2025-10-01,15000.0,28726.13476556485
Modere,ST0083,A0001,2025-11-01,21000.0,28957.715680070418
Modere,ST0083,A0001,2025-12-01,17000.0,29124.19327634607
Modere,ST0085,A0001,2025-01-01,10000.0,11678.349048936652
Modere,ST0085,A0001,2025-02-01,10000.0,12618.847593560407
Modere,ST0085,A0001,2025-03-01,10000.0,13145.875933106234
Modere,ST0085,A0001,2025-04-01,10000.0,13441.207459425126
Modere,ST0085,A0001,2025-05-01,5000.0,13606.70275425692
Modere,ST0085,A0001,2025-06-01,5000.0,13699.441558518163
Modere,ST0085,A0001,2025-07-01,10000.0,13751.40971764043
Modere,ST0085,A0001,2025-08-01,10000.0,13780.53117962251
Modere,ST0085,A0001,2025-09-01,15000.0,13796.850009504062
Modere,ST0085,A0001,2025-10-01,10000.0,13805.994612507404
Modere,ST0085,A0001,2025-11-01,10000.0,13811.118985069388
Modere,ST0085,A0001,2025-12-01,15000.0,13813.990536097293
Modere,ST0087,A0001,2025-07-01,32000.0,28809.4558196033
Modere,ST0087,A0001,2025-08-01,24000.0,33354.78822158442
Modere,ST0087,A0001,2025-09-01,27000.0,32266.842107110748
Modere,ST0087,A0001,2025-10-01,31000.0,38373.95566038704
Modere,ST0087,A0001,2025-11-01,41000.0,36507.25195021086
Modere,ST0087,A0001,2025-12-01,40000.0,42214.78346472556
Modere,ST0087,A0002,2025-08-01,10000.0,7857.142857142857
Modere,ST0087,A0002,2025-09-01,17000.0,7857.142857142857
Modere,ST0087,A0002,2025-10-01,19000.0,11857.142857142857
Modere,ST0087,A0002,2025-11-01,20000.0,11857.142857142857
Modere,ST0087,A0002,2025-12-01,33000.0,8857.142857142859
Modere,ST0091,A0002,2024-05-01,15000.0,24260.869565217392
Modere,ST0091,A0002,2024-09-01,10000.0,24260.869565217392
Modere,ST0091,A0002,2024-12-01,25000.0,24260.869565217392
Modere,ST0091,A0002,2025-01-01,10000.0,24260.869565217392
Modere,ST0091,A0002,2025-04-01,10000.0,24260.869565217392
Modere,ST0091,A0002,2025-09-01,10000.0,24260.869565217392
Modere,ST0093,A0001,2025-01-01,20000.0,20865.116071942146
Modere,ST0093,A0001,2025-02-01,20000.0,24808.041217782906
Modere,ST0093,A0001,2025-03-01,10000.0,28417.080277196255
Modere,ST0093,A0001,2025-04-01,20000.0,27074.336582688113
Modere,ST0093,A0001,2025-05-01,10000.0,28435.12147274957
Modere,ST0093,A0001,2025-06-01,20000.0,25568.67469673812
Modere,ST0093,A0001,2025-07-01,20000.0,25887.333375563605
Modere,ST0093,A0001,2025-08-01,20000.0,22348.27356532855
Modere,ST0093,A0001,2025-09-01,10000.0,22899.165097323308
Modere,ST0093,A0001,2025-10-01,20000.0,23499.51524728685
Modere,ST0093,A0001,2025-11-01,20000.0,22591.407590442777
Modere,ST0093,A0001,2025-12-01,20000.0,25804.73045521981
Modere,ST0093,A0002,2025-01-01,10000.0,14319.511942058902
Modere,ST0093,A0002,2025-02-01,10000.0,17074.25720291628
Modere,ST0093,A0002,2025-03-01,14000.0,18831.081018664096
Modere,ST0093,A0002,2025-04-01,16000.0,19951.485857338037
Modere,ST0093,A0002,2025-05-01,10000.0,20666.017952857044
Modere,ST0093,A0002,2025-06-01,10000.0,21121.706912689682
Modere,ST0093,A0002,2025-07-01,10000.0,21412.3200697691
Modere,ST0093,A0002,2025-08-01,10000.0,21597.657030968872
Modere,ST0093,A0002,2025-09-01,10000.0,21715.854670511322
Modere,ST0093,A0002,2025-10-01,10000.0,21791.234572625654
Modere,ST0093,A0002,2025-12-01,20000.0,21839.30769544572
Erratique,ST0002,A0002,2024-12-01,34000.0,63775.769489715174
Erratique,ST0002,A0002,2025-02-01,10000.0,51565.189894680305
Erratique,ST0002,A0002,2025-03-01,35000.0,51565.189894680305
Erratique,ST0002,A0002,2025-04-01,20000.0,51565.189894680305
Erratique,ST0002,A0002,2025-05-01,10000.0,51565.189894680305
Erratique,ST0002,A0002,2025-06-01,10000.0,51565.189894680305
Erratique,ST0002,A0002,2025-07-01,27000.0,51565.189894680305
Erratique,ST0002,A0002,2025-09-01,31000.0,51565.189894680305
Erratique,ST0002,A0002,2025-10-01,11000.0,51565.189894680305
Erratique,ST0002,A0002,2025-11-01,55000.0,51565.189894680305
Erratique,ST0002,A0002,2025-12-01,20000.0,51565.189894680305
Erratique,ST0006,A0002,2023-06-01,6000.0,7240.0
Erratique,ST0006,A0002,2023-07-01,10000.0,7240.0
Erratique,ST0006,A0002,2023-08-01,5000.0,7240.0
Erratique,ST0006,A0002,2023-09-01,4000.0,7240.0
Erratique,ST0006,A0002,2023-10-01,8000.0,7240.0
Erratique,ST0006,A0002,2023-11-01,4000.0,7240.0
Erratique,ST0006,A0002,2024-01-01,4000.0,7240.0
Erratique,ST0007,A0002,2024-12-01,20000.0,10038.331337911404
Erratique,ST0007,A0002,2025-01-01,13000.0,14045.786463717719
Erratique,ST0007,A0002,2025-02-01,20000.0,17233.289529367372
Erratique,ST0007,A0002,2025-04-01,10000.0,19768.608197840713
Erratique,ST0007,A0002,2025-05-01,5000.0,21785.18374877257
Erratique,ST0007,A0002,2025-06-01,5000.0,23389.15448554186
Erratique,ST0007,A0002,2025-07-01,5000.0,24664.942106404058
Erratique,ST0007,A0002,2025-08-01,10000.0,25679.695066812543
Erratique,ST0007,A0002,2025-10-01,5000.0,26486.822800158854
Erratique,ST0007,A0002,2025-11-01,5000.0,27128.806813365885
Erratique,ST0007,A0002,2025-12-01,18660.0,27639.43661356452
Erratique,ST0018,A0002,2025-02-01,9000.0,16190.312676469339
Erratique,ST0018,A0002,2025-03-01,1000.0,14618.885144864105
Erratique,ST0018,A0002,2025-04-01,10000.0,20499.489720062058
Erratique,ST0018,A0002,2025-05-01,5000.0,16156.555109618861
Erratique,ST0018,A0002,2025-06-01,5000.0,23059.429659237783
Erratique,ST0018,A0002,2025-07-01,6000.0,21990.34376105612
Erratique,ST0018,A0002,2025-08-01,5000.0,24609.430091456365
Erratique,ST0018,A0002,2025-09-01,6000.0,26009.48082264606
Erratique,ST0018,A0002,2025-10-01,10000.0,30169.974952760942
Erratique,ST0018,A0002,2025-11-01,5000.0,29661.901693515083
Erratique,ST0018,A0002,2025-12-01,10000.0,31530.963321408482
Erratique,ST0027,A0001,2025-03-01,19000.0,20446.40266681456
Erratique,ST0027,A0001,2025-04-01,21000.0,20446.40266681456
Erratique,ST0027,A0001,2025-05-01,12000.0,20446.40266681456
Erratique,ST0027,A0001,2025-06-01,16000.0,20446.40266681456
Erratique,ST0027,A0001,2025-07-01,21000.0,20446.40266681456
Erratique,ST0027,A0001,2025-08-01,15000.0,20446.40266681456
Erratique,ST0027,A0001,2025-09-01,16000.0,20446.40266681456
Erratique,ST0027,A0001,2025-10-01,17000.0,20446.40266681456
Erratique,ST0027,A0001,2025-11-01,12000.0,20446.40266681456
Erratique,ST0027,A0001,2025-12-01,12000.0,20446.40266681456
Erratique,ST0027,A0002,2025-03-01,62000.0,52090.33344009747
Erratique,ST0027,A0002,2025-04-01,73000.0,50481.61023636522
Erratique,ST0027,A0002,2025-05-01,41000.0,45661.92839816355
Erratique,ST0027,A0002,2025-06-01,47000.0,40412.74663605373
Erratique,ST0027,A0002,2025-07-01,66000.0,52504.72556892073
Erratique,ST0027,A0002,2025-08-01,47000.0,56235.92956000915
Erratique,ST0027,A0002,2025-09-01,39000.0,66897.77247636774
Erratique,ST0027,A0002,2025-10-01,30000.0,65034.983162187105
Erratique,ST0027,A0002,2025-11-01,30000.0,54069.767995330585
Erratique,ST0027,A0002,2025-12-01,42000.0,73789.66191205912
Erratique,ST0028,A0002,2024-09-01,5000.0,14236.84210526316
Erratique,ST0028,A0002,2024-10-01,10000.0,14236.84210526316
Erratique,ST0028,A0002,2024-12-01,19000.0,14236.84210526316
Erratique,ST0028,A0002,2025-01-01,25000.0,14236.84210526316
Erratique,ST0028,A0002,2025-02-01,5000.0,14236.84210526316
Erratique,ST0028,A0002,2025-03-01,10000.0,14236.84210526316
Erratique,ST0028,A0002,2025-06-01,10000.0,14236.84210526316
Erratique,ST0028,A0002,2025-08-01,15000.0,14236.84210526316
Erratique,ST0028,A0002,2025-10-01,10000.0,14236.84210526316
Erratique,ST0028,A0002,2025-12-01,10000.0,14236.84210526316
Erratique,ST0030,A0001,2025-03-01,5000.0,17750.0
Erratique,ST0030,A0001,2025-04-01,20000.0,17750.0
Erratique,ST0030,A0001,2025-05-01,10000.0,17750.0
Erratique,ST0030,A0001,2025-06-01,15000.0,17750.0
Erratique,ST0030,A0001,2025-07-01,15000.0,17750.0
Erratique,ST0030,A0001,2025-08-01,15000.0,17750.0
Erratique,ST0030,A0001,2025-09-01,10000.0,17750.0
Erratique,ST0030,A0001,2025-10-01,10000.0,17750.0
Erratique,ST0030,A0001,2025-11-01,15000.0,17750.0
Erratique,ST0030,A0001,2025-12-01,15000.0,17750.0
Erratique,ST0030,A0002,2025-03-01,10000.0,29436.116446754088
Erratique,ST0030,A0002,2025-04-01,20000.0,32182.049252841018
Erratique,ST0030,A0002,2025-05-01,20000.0,33881.767253044
Erratique,ST0030,A0002,2025-06-01,20000.0,34933.88377745781
Erratique,ST0030,A0002,2025-07-01,20000.0,35585.13838605312
Erratique,ST0030,A0002,2025-08-01,20000.0,35988.26157191215
Erratique,ST0030,A0002,2025-09-01,20000.0,36237.79270893958
Erratique,ST0030,A0002,2025-10-01,25000.0,36392.25117357369
Erratique,ST0030,A0002,2025-11-01,15000.0,36487.86015280303
Erratique,ST0030,A0002,2025-12-01,40000.0,36547.041609325526
Erratique,ST0041,A0002,2025-03-01,6000.0,11578.19721093553
Erratique,ST0041,A0002,2025-06-01,10000.0,6444.789394888976
Erratique,ST0041,A0002,2025-08-01,10000.0,2087.885354713817
Erratique,ST0041,A0002,2025-09-01,5000.0,2603.6104222187737
Erratique,ST0041,A0002,2025-10-01,11000.0,4007.376566425301
Erratique,ST0041,A0002,2025-11-01,5000.0,-739.5563322213488
Erratique,ST0041,A0002,2025-12-01,10000.0,-2898.81017394685
Erratique,ST0043,A0001,2025-04-01,30000.0,18508.750639768165
Erratique,ST0043,A0001,2025-05-01,8000.0,20371.91374033724
Erratique,ST0043,A0001,2025-06-01,15000.0,21361.262114079625
Erratique,ST0043,A0001,2025-07-01,15000.0,21886.610756035734
Erratique,ST0043,A0001,2025-08-01,10000.0,22165.57335700625
Erratique,ST0043,A0001,2025-09-01,20000.0,22313.70381081399
Erratique,ST0043,A0001,2025-10-01,15000.0,22392.361778831735
Erratique,ST0043,A0001,2025-11-01,10000.0,22434.129529983773
Erratique,ST0043,A0001,2025-12-01,20000.0,22456.30840238873
Erratique,ST0044,A0002,2025-01-01,35000.0,23816.591008194522
Erratique,ST0044,A0002,2025-02-01,15000.0,22383.010062326695
Erratique,ST0044,A0002,2025-03-01,15000.0,22383.010062326695
Erratique,ST0044,A0002,2025-04-01,15000.0,22383.010062326695
Erratique,ST0044,A0002,2025-06-01,15000.0,22383.010062326695
Erratique,ST0044,A0002,2025-08-01,15000.0,22383.010062326695
Erratique,ST0044,A0002,2025-12-01,10000.0,22383.010062326695
Erratique,ST0047,A0001,2025-05-01,10000.0,19125.000000000007
Erratique,ST0047,A0001,2025-06-01,5000.0,19125.000000000007
Erratique,ST0047,A0001,2025-07-01,5000.0,19125.000000000007
Erratique,ST0047,A0001,2025-08-01,10000.0,19125.000000000007
Erratique,ST0047,A0001,2025-09-01,5000.0,19125.000000000007
Erratique,ST0047,A0001,2025-10-01,20000.0,19125.000000000007
Erratique,ST0047,A0001,2025-12-01,15000.0,19125.000000000007
Erratique,ST0050,A0001,2025-06-01,5000.0,11473.684210526315
Erratique,ST0050,A0001,2025-07-01,5000.0,11473.684210526315
Erratique,ST0050,A0001,2025-08-01,5000.0,11473.684210526315
Erratique,ST0050,A0001,2025-09-01,5000.0,11473.684210526315
Erratique,ST0050,A0001,2025-11-01,5000.0,11473.684210526315
Erratique,ST0053,A0002,2025-03-01,38000.0,38131.61188482753
Erratique,ST0053,A0002,2025-04-01,49000.0,41069.723169856785
Erratique,ST0053,A0002,2025-05-01,23000.0,43794.95987248684
Erratique,ST0053,A0002,2025-06-01,23000.0,48632.62264455902
Erratique,ST0053,A0002,2025-07-01,20000.0,53829.3080591417
Erratique,ST0053,A0002,2025-08-01,30000.0,55755.767206548095
Erratique,ST0053,A0002,2025-09-01,20000.0,59403.07481660565
Erratique,ST0053,A0002,2025-10-01,20000.0,61063.81395495919
Erratique,ST0053,A0002,2025-11-01,20000.0,58545.66934053659
Erratique,ST0053,A0002,2025-12-01,20000.0,50145.168373780776
Erratique,ST0055,A0002,2025-02-01,11000.0,17994.495023564632
Erratique,ST0055,A0002,2025-03-01,10000.0,18619.720328410483
Erratique,ST0055,A0002,2025-04-01,9000.0,19381.823888918596
Erratique,ST0055,A0002,2025-05-01,6000.0,19897.473337734737
Erratique,ST0055,A0002,2025-06-01,5000.0,20460.114014646148
Erratique,ST0055,A0002,2025-07-01,10000.0,20874.88463311076
Erratique,ST0055,A0002,2025-08-01,10000.0,21295.701116798118
Erratique,ST0055,A0002,2025-09-01,5000.0,21624.2655786644
Erratique,ST0055,A0002,2025-10-01,5000.0,21941.932268335317
Erratique,ST0055,A0002,2025-11-01,5000.0,22199.706501147604
Erratique,ST0055,A0002,2025-12-01,5000.0,22441.061379156694
Erratique,ST0057,A0001,2025-03-01,30000.0,32167.563414679338
Erratique,ST0057,A0001,2025-04-01,27000.0,33321.91341007454
Erratique,ST0057,A0001,2025-05-01,15000.0,33936.67000858727
Erratique,ST0057,A0001,2025-06-01,10000.0,34264.06263380711
Erratique,ST0057,A0001,2025-07-01,15000.0,34438.41770589198
Erratique,ST0057,A0001,2025-09-01,15000.0,34531.271633622666
Erratique,ST0057,A0001,2025-10-01,15000.0,34580.72159680365
Erratique,ST0057,A0001,2025-11-01,15000.0,34607.05649634277
Erratique,ST0079,A0001,2025-01-01,10000.0,30800.0
Erratique,ST0079,A0001,2025-03-01,8000.0,17800.0
Erratique,ST0079,A0001,2025-05-01,8000.0,4799.999999999999
Erratique,ST0079,A0001,2025-08-01,5000.0,4799.999999999999
Erratique,ST0079,A0001,2025-10-01,5000.0,5800.0
Erratique,ST0079,A0001,2025-11-01,5000.0,10800.0
Erratique,ST0079,A0002,2024-04-01,20000.0,25212.33176915672
Erratique,ST0079,A0002,2024-05-01,20000.0,27183.30456202389
Erratique,ST0079,A0002,2024-07-01,18000.0,27928.601278017682
Erratique,ST0079,A0002,2024-10-01,15000.0,28210.42515548638
Erratique,ST0079,A0002,2025-01-01,15000.0,28316.99304476734
Erratique,ST0079,A0002,2025-03-01,15000.0,28357.29025140506
Erratique,ST0079,A0002,2025-06-01,15000.0,28372.5280953162
Erratique,ST0079,A0002,2025-08-01,10000.0,28378.290079990416
Erratique,ST0079,A0002,2025-12-01,12000.0,28380.468896598562
Erratique,ST0083,A0002,2025-03-01,17000.0,17234.18793258377
Erratique,ST0083,A0002,2025-04-01,31000.0,17234.18793258377
Erratique,ST0083,A0002,2025-05-01,16000.0,17234.18793258377
Erratique,ST0083,A0002,2025-06-01,15000.0,17234.18793258377
Erratique,ST0083,A0002,2025-07-01,25000.0,17234.18793258377
Erratique,ST0083,A0002,2025-08-01,10000.0,17234.18793258377
Erratique,ST0083,A0002,2025-09-01,12000.0,17234.18793258377
Erratique,ST0083,A0002,2025-10-01,16000.0,17234.18793258377
Erratique,ST0083,A0002,2025-11-01,15000.0,17234.18793258377
Erratique,ST0083,A0002,2025-12-01,21000.0,17234.18793258377
Erratique,ST0091,A0001,2024-09-01,10000.0,11543.459012234864
Erratique,ST0091,A0001,2024-10-01,5000.0,11468.286448240024
Erratique,ST0091,A0001,2024-11-01,5000.0,10926.031353450733
Erratique,ST0091,A0001,2024-12-01,5000.0,10438.763630636004
Erratique,ST0091,A0001,2025-02-01,5000.0,10145.928264940023
Erratique,ST0091,A0001,2025-03-01,5000.0,10019.244759752728
Erratique,ST0091,A0001,2025-05-01,5000.0,9989.502702248683
Erratique,ST0091,A0001,2025-07-01,5000.0,10000.218440322838
Erratique,ST0092,A0002,2024-02-01,15000.0,32052.702748296477
Erratique,ST0092,A0002,2024-04-01,15000.0,39325.50264519596
Erratique,ST0092,A0002,2024-05-01,15000.0,39325.50264519596
Erratique,ST0092,A0002,2024-06-01,15000.0,39325.50264519596
Erratique,ST0092,A0002,2024-07-01,15000.0,39325.50264519596
Erratique,ST0092,A0002,2024-10-01,10000.0,39325.50264519596
Erratique,ST0092,A0002,2024-11-01,1000.0,39325.50264519596
Erratique,ST0092,A0002,2025-03-01,10000.0,39325.50264519596
Erratique,ST0092,A0002,2025-09-01,10000.0,39325.50264519596
