Station,Produit,N_commandes,Total_litres,Moyenne_mensuelle,Fréquence_jours,ADF_pvalue,Stationnaire,AIC,Modele_AR,Modele_I,Modele_MA,Modele_SAR,Modele_SI,Modele_SMA,Volume,Profil
ST0001,A0001,323,3138000,78450.0,3.6925465838509317,0.0002919595136023313,True,911.640193316842,2,1,0,0,0,0,Moyen,Standard
ST0001,A0002,268,1878000,46950.0,4.456928838951311,0.3881891254625739,False,919.0971864222017,2,0,0,0,0,0,Moyen,Standard
ST0002,A0001,1158,15821000,226014.2857142857,1.8392394122731202,0.1848925769531527,False,1735.426512797878,2,1,0,0,0,0,Élevé,Haute activité en croissance
ST0002,A0002,712,10524000,150342.85714285713,2.9718706047819974,0.0034149351744348377,True,1816.7414902404332,0,1,2,0,0,0,Élevé,Haute activité stable
ST0003,A0001,327,2619000,37414.28571428572,6.515337423312883,0.0018971259895827599,True,1585.203949899475,1,0,0,0,0,0,Moyen,Standard
ST0003,A0002,265,1469000,21602.941176470587,7.75,1.038533700514467e-10,True,1467.1005150069882,0,1,1,1,0,0,Moyen,Standard
ST0004,A0001,291,1418000,35450.0,4.1,0.4353967302826758,False,864.1637964877109,1,0,0,0,0,0,Moyen,Standard
ST0004,A0002,149,619000,15871.794871794871,7.763513513513513,0.886808625388425,False,762.4525011128552,0,1,0,0,0,0,Faible,Standard
ST0005,A0002,86,499000,12170.731707317073,14.611764705882353,0.11779193765462337,False,844.8189436981052,1,0,0,0,0,0,Très faible,Basse activité
ST0006,A0001,378,1331000,25596.153846153848,4.1458885941644565,0.028070865578087037,True,1029.3987074471747,0,1,1,0,0,0,Moyen,Standard
ST0006,A0002,96,298000,6081.632653061224,15.294736842105262,0.07287283816467618,False,928.7588807331084,1,0,0,0,0,0,Très faible,Basse activité
ST0007,A0001,86,506180,7443.823529411765,24.188235294117646,0.02501266277552812,True,1329.8647323800874,1,1,2,1,0,0,Faible,Standard
ST0007,A0002,144,2121660,30748.695652173912,14.545454545454545,0.16457237458659502,False,1507.1152349655626,0,1,0,0,0,0,Moyen,Standard
ST0008,A0002,25,206000,10300.0,24.666666666666668,1.0,False,163.47062052823395,0,0,1,0,1,0,Très faible,Basse activité
ST0009,A0001,147,1136000,22720.0,10.397260273972602,1.1637751706446783e-07,True,1100.5040432852463,0,0,0,0,0,0,Moyen,Standard
ST0009,A0002,120,689000,13780.0,12.756302521008404,3.237167413204306e-05,True,1071.64615837688,1,0,0,0,0,0,Faible,Standard
ST0010,A0001,919,5252000,72944.44444444444,2.369281045751634,0.04854682828595018,True,1609.1334409809256,0,1,0,0,0,0,Élevé,Haute activité stable
ST0010,A0002,427,1598000,22194.444444444445,5.103286384976526,0.00013593313969821513,True,1545.9378434086198,1,0,0,0,0,0,Moyen,Standard
ST0011,A0001,931,7095000,98541.66666666667,2.3408602150537634,0.04617614090847649,True,1664.0873529145688,0,1,0,0,0,0,Élevé,Haute activité stable
ST0011,A0002,304,1425000,19791.666666666668,7.1551155115511555,0.09687643643580679,False,1491.3698631484651,2,1,1,0,0,0,Moyen,Standard
ST0012,A0001,431,4437125,61626.73611111111,5.055813953488372,0.5623192026095836,False,1570.137997483515,0,1,1,1,0,0,Moyen,Standard
ST0012,A0002,420,3867280,53712.22222222222,5.176610978520286,0.7195001148441419,False,1615.3079959668723,2,1,0,0,0,0,Moyen,Standard
ST0013,A0001,69,680000,25185.185185185186,11.588235294117647,0.00032687022389701306,True,576.4597355642032,0,0,0,0,0,0,Faible,Standard
ST0013,A0002,56,552000,20444.444444444445,14.454545454545455,0.0014961440200631506,True,inf,1,0,1,1,0,0,Faible,Standard
ST0014,A0001,166,801000,11955.223880597016,12.248484848484848,0.2709320447631889,False,1344.4088634837015,1,0,0,0,0,0,Faible,Standard
ST0014,A0002,200,1178000,17582.089552238805,10.160804020100503,2.7012349007486645e-06,True,1403.1991168822924,1,0,0,0,0,0,Moyen,Standard
ST0015,A0001,99,658000,17315.78947368421,11.561224489795919,0.0037660139590616807,True,797.1077141069095,1,0,0,0,0,0,Faible,Standard
ST0015,A0002,77,485000,12763.157894736842,14.921052631578947,5.653597956936349e-05,True,795.7427561942368,2,0,0,0,0,0,Très faible,Basse activité
ST0016,A0001,419,3786000,52583.333333333336,5.208133971291866,9.319581108980874e-06,True,1605.7683912355678,1,0,0,0,0,0,Moyen,Standard
ST0016,A0002,428,3429000,47625.0,5.0936768149882905,0.00036673515868599054,True,1624.4239873332033,1,0,0,0,0,0,Moyen,Standard
ST0017,A0001,45,266000,6333.333333333333,28.84090909090909,0.005466289595475574,True,821.565511267892,0,0,0,0,0,0,Très faible,Basse activité
ST0017,A0002,189,1851000,44071.42857142857,6.7712765957446805,2.209034085303498e-05,True,913.2519924856495,0,1,1,0,0,0,Moyen,Standard
ST0018,A0001,243,1258000,18500.0,8.508264462809917,0.020869606474821684,True,1441.5395168312486,2,0,0,0,0,0,Moyen,Standard
ST0018,A0002,227,1116000,16411.764705882353,9.084070796460177,0.024654009195437008,True,1469.6903264237526,1,0,0,0,0,0,Moyen,Standard
ST0019,A0001,54,410000,13666.666666666666,17.037735849056602,0.923900490426533,False,601.8946481212517,1,1,1,0,0,0,Très faible,Basse activité
ST0019,A0002,37,190000,6333.333333333333,24.88888888888889,0.0010791024784525599,True,572.24976028268,1,0,0,0,0,0,Très faible,Basse activité
ST0020,A0001,385,1142000,29282.05128205128,3.0,0.3420792621569517,False,808.8064588227332,1,0,0,0,0,0,Moyen,Standard
ST0020,A0002,212,669000,18583.333333333332,5.042654028436019,0.942088962753455,False,493.44709543931896,0,1,1,1,1,0,Faible,Standard
ST0021,A0001,196,1301000,35162.16216216216,5.630769230769231,0.0906401839997682,False,823.8876926304462,1,0,0,0,0,0,Moyen,Standard
ST0021,A0002,68,471000,12729.72972972973,16.313432835820894,0.021485425588926663,True,788.4531008335003,1,0,0,0,0,0,Très faible,Basse activité
ST0022,A0001,451,2714000,38771.42857142857,4.713333333333333,0.3997299673030973,False,1520.6970737018453,2,0,2,0,0,0,Moyen,Standard
ST0022,A0002,372,1973000,28185.714285714286,5.727762803234501,0.0077860983198070706,True,1543.2246502534192,1,0,0,0,0,0,Moyen,Standard
ST0023,A0001,431,3323000,47471.42857142857,4.932558139534883,0.31908720693115655,False,1567.846171343442,2,1,1,1,0,0,Moyen,Standard
ST0023,A0002,477,3279000,46842.857142857145,4.426470588235294,0.43064895937109876,False,1573.787536724597,1,1,1,0,0,0,Moyen,Standard
ST0024,A0001,141,932123,12946.152777777777,15.464285714285714,2.999219752532624e-08,True,1496.8412319274137,1,1,2,0,0,0,Faible,Standard
ST0024,A0002,346,5034500,69923.61111111111,6.298550724637681,2.8026262839722134e-07,True,1704.1490608093984,2,0,0,0,0,0,Élevé,Haute activité stable
ST0025,A0001,43,360000,24000.0,10.452380952380953,0.5788780739828924,False,inf,1,0,1,1,0,0,Très faible,Basse activité
ST0025,A0002,34,309000,20600.0,13.121212121212121,0.5822011708486778,False,inf,1,0,1,1,0,0,Très faible,Basse activité
ST0026,A0001,784,6170000,85694.44444444444,2.7790549169859515,0.020099130814840115,True,1653.1622400247018,0,1,0,0,0,0,Élevé,Haute activité stable
ST0026,A0002,398,1420000,19722.222222222223,5.4811083123425695,0.5533737976674699,False,1453.877885048057,0,1,1,1,0,0,Moyen,Standard
ST0027,A0001,141,910000,12638.888888888889,15.485714285714286,0.003869996635162314,True,1523.496703837653,1,0,0,0,0,0,Faible,Standard
ST0027,A0002,165,1639000,22763.88888888889,13.21951219512195,0.6531846650055774,False,1515.7592294202282,0,1,1,0,0,1,Moyen,Standard
ST0028,A0001,221,674000,10531.25,8.827272727272728,0.783687361465988,False,1224.0354801642998,2,1,2,1,0,0,Faible,Standard
ST0028,A0002,140,716000,10228.57142857143,15.309352517985612,0.47983063731330877,False,1475.557909506427,2,0,1,0,0,0,Faible,Standard
ST0029,A0001,319,2568000,67578.94736842105,3.5849056603773586,0.08940562220814546,False,840.5729095890969,1,0,0,1,0,0,Moyen,Standard
ST0029,A0002,186,1290000,33947.36842105263,6.1567567567567565,0.09161574357189345,False,789.3951001161263,0,1,1,0,0,0,Moyen,Standard
ST0030,A0001,103,952000,14875.0,18.91176470588235,0.010340471656977102,True,1385.0232143432709,0,0,0,0,0,0,Faible,Standard
ST0030,A0002,151,1974000,30843.75,12.84,0.00042808592046584914,True,1459.1587405574774,2,0,0,0,0,0,Moyen,Standard
ST0031,A0001,219,2073000,66870.96774193548,4.321100917431193,0.8427588907031949,False,649.263210956663,1,1,0,0,0,1,Moyen,Standard
ST0031,A0002,100,795000,25645.16129032258,9.484848484848484,0.5952792844975984,False,636.3196966553555,1,1,0,0,0,0,Faible,Standard
ST0032,A0001,62,372000,7294.117647058823,24.78688524590164,0.726569016883801,False,999.7173486923873,0,1,1,0,0,0,Très faible,Basse activité
ST0032,A0002,51,296000,5803.921568627451,30.46,0.0036661700815163647,True,1014.4757159547361,0,0,1,0,0,0,Très faible,Basse activité
ST0033,A0001,44,191000,7958.333333333333,16.093023255813954,5.9170142310314463e-05,True,inf,1,0,1,1,0,0,Très faible,Basse activité
ST0033,A0002,51,746000,29840.0,14.6,9.41784623411284e-07,True,inf,1,0,1,1,0,0,Faible,Standard
ST0036,A0001,40,435000,16730.76923076923,19.82051282051282,0.000943382800766644,True,539.6263099079325,0,0,0,0,0,0,Très faible,Basse activité
ST0036,A0002,60,1325000,50961.53846153846,13.23728813559322,0.03895729128068874,True,603.1637122780419,1,0,0,0,0,0,Moyen,Standard
ST0037,A0001,58,252000,4000.0,33.578947368421055,0.17555621834317675,False,1202.6514952153957,0,1,1,0,0,0,Très faible,Basse activité
ST0037,A0002,88,834000,12636.363636363636,23.04597701149425,0.5872301076079399,False,1382.51917478853,0,1,2,0,0,0,Faible,Standard
ST0038,A0002,35,321000,7295.454545454545,38.088235294117645,5.474301795874671e-10,True,900.0859701785967,0,0,0,0,0,1,Très faible,Basse activité
ST0039,A0001,844,6321000,90300.0,2.5219454329774615,0.10873951610036542,False,1577.213289694729,0,1,0,0,0,0,Élevé,Haute activité en croissance
ST0039,A0002,573,4591000,65585.71428571429,3.715034965034965,9.443977952596225e-07,True,1572.7566776613503,1,1,1,0,0,0,Moyen,Standard
ST0040,A0001,95,741000,26464.285714285714,8.787234042553191,0.004429956774146628,True,585.9767834519888,0,1,1,1,0,0,Faible,Standard
ST0040,A0002,95,720000,25714.285714285714,8.787234042553191,0.7209064913139502,False,579.0651811045832,1,1,0,0,0,0,Faible,Standard
ST0041,A0001,37,223000,4645.833333333333,39.22222222222222,0.16179543389150775,False,969.6860176571582,0,0,0,0,0,0,Très faible,Basse activité
ST0041,A0002,132,1514000,31541.666666666668,10.893129770992367,0.022151004874767684,True,1073.9704295752738,0,1,0,0,0,0,Moyen,Standard
ST0042,A0001,455,4379000,60819.444444444445,4.775330396475771,0.23373831938833678,False,1648.8942592241622,0,1,1,0,0,0,Moyen,Standard
ST0042,A0002,542,3655000,50763.88888888889,4.007393715341959,0.5130549996296411,False,1576.4309856374487,0,1,1,2,0,0,Moyen,Standard
ST0043,A0001,103,1065000,18362.068965517243,17.186274509803923,0.0010612279957073233,True,1262.6327513828312,1,0,0,0,0,0,Moyen,Standard
ST0043,A0002,132,1495000,25775.862068965518,13.412213740458014,8.962240287909731e-08,True,1299.4349651032476,1,0,0,0,0,0,Moyen,Standard
ST0044,A0002,75,820000,12058.823529411764,27.716216216216218,3.432975015752982e-07,True,1495.2463247133678,1,0,0,0,0,0,Faible,Standard
ST0045,A0001,34,277000,9233.333333333334,26.939393939393938,0.005950818731637553,True,635.0990418606586,1,0,0,0,0,0,Très faible,Basse activité
ST0045,A0002,55,354000,11800.0,16.59259259259259,0.5549905837895759,False,606.6816678520473,0,1,1,0,0,0,Très faible,Basse activité
ST0046,A0002,70,1335000,23839.285714285714,24.347826086956523,0.12401606162261042,False,1284.3959202929186,2,0,0,0,0,1,Moyen,Standard
ST0047,A0001,89,619000,9671.875,22.068181818181817,0.537993016348808,False,1343.9674081592018,0,1,2,0,0,0,Faible,Standard
ST0047,A0002,174,2247500,35117.1875,11.167630057803468,0.051535060882414836,False,1508.5393631381812,2,0,0,0,0,0,Moyen,Standard
ST0049,A0001,219,1221000,16958.333333333332,9.963302752293577,5.0197585828415e-07,True,1471.848829669799,0,1,1,0,0,0,Moyen,Standard
ST0049,A0002,233,1267000,17597.222222222223,9.383620689655173,0.0010452793050370708,True,1466.2127121734434,0,1,0,0,0,0,Moyen,Standard
ST0050,A0001,43,308000,6039.21568627451,35.92857142857143,0.1325919961546781,False,1046.8572347824174,0,0,0,0,0,0,Très faible,Basse activité
ST0050,A0002,74,747000,14365.384615384615,21.10958904109589,0.0023086506146330526,True,1102.6403602958994,1,0,0,0,0,0,Faible,Standard
ST0051,A0001,214,1974000,63677.41935483871,4.309859154929577,0.5635694550515364,False,689.2827567733549,0,1,0,0,0,0,Moyen,Standard
ST0051,A0002,128,1010000,32580.645161290322,7.251968503937008,1.9783750340079717e-06,True,673.145207950175,0,1,0,0,0,0,Moyen,Standard
ST0052,A0001,50,401000,21105.263157894737,10.877551020408163,0.00437809474093959,True,158.23779713287203,0,0,0,0,1,0,Très faible,Basse activité
ST0052,A0002,36,520000,27368.42105263158,15.628571428571428,0.9834472687017193,False,414.0786573676155,0,0,0,0,0,0,Faible,Standard
ST0053,A0001,164,1204000,19737.70491803279,11.294478527607362,0.23655326493960893,False,1297.6716089357612,1,0,0,0,0,1,Moyen,Standard
ST0053,A0002,305,2793000,45786.88524590164,6.042763157894737,0.051061441693170576,False,1359.8508010627552,2,1,0,0,0,0,Moyen,Standard
ST0054,A0001,265,2423000,60575.0,4.526515151515151,0.0016831874898604782,True,878.1402289234152,2,1,0,0,0,0,Moyen,Standard
ST0054,A0002,76,611000,15275.0,15.933333333333334,0.5031027858660807,False,787.7952841248933,2,1,1,0,0,0,Faible,Standard
ST0055,A0001,621,4069000,56513.88888888889,3.464516129032258,0.33198846568777585,False,1603.0239582271195,0,1,0,0,0,0,Moyen,Standard
ST0055,A0002,398,1516000,21971.014492753624,5.209068010075566,0.4860294288654027,False,1458.9022055511239,0,1,1,0,0,0,Moyen,Standard
ST0056,A0001,114,1064000,33250.0,8.548672566371682,0.8519578926907285,False,686.3339289960654,0,1,0,0,0,0,Moyen,Standard
ST0056,A0002,101,825000,25781.25,9.66,5.393986072826053e-09,True,654.2822946773128,0,0,0,0,0,0,Faible,Standard
ST0057,A0001,97,1298000,25450.980392156864,15.84375,0.009893274538361656,True,1152.1491521763908,1,0,0,0,0,1,Moyen,Standard
ST0057,A0002,165,3799000,73057.69230769231,9.378048780487806,0.00012575788845406652,True,1256.898839629719,1,0,0,0,0,1,Moyen,Standard
ST0058,A0001,41,255000,7968.75,23.9,0.005921523270771046,True,645.0115975641006,1,0,0,0,0,0,Très faible,Basse activité
ST0058,A0002,76,478000,14937.5,12.826666666666666,0.04094559227268942,True,414.66500591877127,1,1,0,1,1,0,Très faible,Basse activité
ST0059,A0001,457,2675000,38768.115942028984,4.565789473684211,0.36570733968803254,False,1506.4492544571874,2,1,1,0,0,0,Moyen,Standard
ST0059,A0002,292,1406000,20376.8115942029,7.120274914089347,0.00026355304354688195,True,1459.198681373453,0,1,1,0,0,0,Moyen,Standard
ST0060,A0002,39,1213000,43321.42857142857,21.42105263157895,0.0626899353657569,False,635.2440793220798,0,1,0,0,0,0,Moyen,Standard
ST0061,A0001,76,656000,31238.095238095237,8.04,0.0009021678980288567,True,447.42239838392805,0,0,0,0,0,0,Faible,Standard
ST0061,A0002,73,580000,27619.04761904762,8.458333333333334,0.25640350297712833,False,188.37866743685794,1,0,0,0,1,0,Faible,Standard
ST0062,A0001,123,890000,22820.51282051282,9.680327868852459,0.13909439810897445,False,835.3143915773541,1,0,0,0,0,0,Faible,Standard
ST0062,A0002,75,460000,11794.871794871795,15.878378378378379,0.024998741748370454,True,776.6649125292831,1,0,0,0,0,0,Très faible,Basse activité
ST0063,A0002,27,257000,25700.0,10.653846153846153,3.786409560921297e-28,True,inf,1,0,1,1,0,0,Très faible,Basse activité
ST0064,A0001,98,690000,23793.103448275862,8.845360824742269,0.24085169669321882,False,596.8881199772594,0,0,0,0,0,0,Faible,Standard
ST0064,A0002,100,645000,22241.379310344826,8.666666666666666,0.027810829601708484,True,603.1301661918714,0,0,0,0,0,0,Faible,Standard
ST0065,A0001,117,453000,15100.0,7.577586206896552,0.007786879762865015,True,599.631129892007,0,0,0,0,0,0,Très faible,Basse activité
ST0065,A0002,67,228000,8142.857142857143,12.469696969696969,0.520556160218898,False,514.1776690440408,0,0,0,0,0,1,Très faible,Basse activité
ST0066,A0001,399,3377000,80404.76190476191,3.201005025125628,0.07344185814924119,False,905.7750303985453,1,1,0,1,0,0,Moyen,Standard
ST0066,A0002,356,2812000,66952.38095238095,3.5887323943661973,0.0025352051871713054,True,913.867944187419,1,1,1,0,0,0,Moyen,Standard
ST0067,A0001,280,2922000,53127.27272727273,5.913978494623656,3.9570078752939223e-07,True,1223.651177068618,1,0,0,0,0,0,Moyen,Standard
ST0067,A0002,188,1572500,28590.909090909092,8.796791443850267,0.0002869543616050387,True,1207.606177300198,1,0,0,0,0,0,Moyen,Standard
ST0068,A0001,226,2961000,50186.4406779661,7.911111111111111,0.00015191483726873878,True,1321.2890471257106,1,0,0,0,0,0,Moyen,Standard
ST0068,A0002,195,1694000,28711.86440677966,9.175257731958762,4.278817962989808e-11,True,1297.8161244682296,0,0,0,0,0,0,Moyen,Standard
ST0069,A0001,100,614000,21172.41379310345,8.767676767676768,0.12969796038153403,False,605.5529019986437,0,0,0,0,0,0,Faible,Standard
ST0069,A0002,93,612000,21103.44827586207,9.402173913043478,0.03052138825320011,True,602.4452748965396,0,1,0,0,0,0,Faible,Standard
ST0070,A0001,89,782000,39100.0,6.875,0.002241809293735919,True,170.9745607077615,0,0,0,0,1,0,Faible,Standard
ST0070,A0002,103,1008000,50400.0,5.931372549019608,0.002224918902669082,True,160.655951392287,0,0,0,0,1,0,Moyen,Standard
ST0072,A0001,36,197000,4925.0,34.08571428571429,2.1982527483162714e-06,True,784.55016651042,0,0,0,0,0,1,Très faible,Basse activité
ST0072,A0002,64,424000,10600.0,19.015873015873016,4.308654653012753e-05,True,852.0481089796807,1,0,0,0,0,0,Très faible,Basse activité
ST0073,A0001,405,3340000,60727.27272727273,4.106435643564357,0.07103204449423342,False,1243.4528974906043,1,0,0,0,0,0,Moyen,Standard
ST0073,A0002,186,1418000,25781.81818181818,8.935135135135136,0.0014276349923011506,True,1202.5524368700928,1,0,0,0,0,0,Moyen,Standard
ST0074,A0001,336,2416000,52521.739130434784,4.119402985074627,0.0006900673988771033,True,1042.4272719091587,0,0,1,0,0,0,Moyen,Standard
ST0074,A0002,511,3955000,85978.26086956522,2.6980392156862747,1.5601456259433882e-05,True,1086.8722032360404,0,0,1,0,0,1,Moyen,Standard
ST0075,A0001,96,633000,17108.108108108107,11.557894736842105,0.16596547598955275,False,806.596179525146,1,0,0,0,0,1,Faible,Standard
ST0075,A0002,57,345000,9324.324324324325,19.5,0.996297315253188,False,770.9272310187254,0,0,0,0,0,0,Très faible,Basse activité
ST0076,A0001,59,387000,12483.870967741936,15.706896551724139,0.00021354275372048332,True,640.290027212158,0,1,1,1,0,0,Très faible,Basse activité
ST0076,A0002,62,390000,12580.645161290322,15.049180327868852,6.168222683281359e-08,True,633.9261063882834,0,0,0,0,0,1,Très faible,Basse activité
ST0077,A0001,27,121000,5260.869565217391,26.53846153846154,0.7322518114241223,False,463.6126504310711,0,0,0,0,0,0,Très faible,Basse activité
ST0078,A0001,178,1391000,19319.444444444445,12.259887005649718,0.06041976230634775,False,1518.0378685908067,0,1,1,0,0,0,Moyen,Standard
ST0078,A0002,205,2159000,30408.450704225354,10.504901960784315,0.016153421545858308,True,1562.9641826322982,1,1,1,0,0,0,Moyen,Standard
ST0079,A0001,51,202000,2845.0704225352115,42.8,1.7945393549532077e-19,True,1390.931419587153,1,0,0,0,0,0,Très faible,Basse activité
ST0079,A0002,98,1398000,19416.666666666668,22.422680412371133,1.5988048055965477e-05,True,1610.2995212038466,1,1,1,0,0,0,Moyen,Standard
ST0080,A0001,287,1160000,18709.677419354837,6.559440559440559,6.008085255708842e-05,True,1271.768871087163,1,0,0,0,0,0,Moyen,Standard
ST0080,A0002,197,686000,11064.516129032258,9.566326530612244,6.819602348279619e-09,True,1244.649567306405,0,0,0,0,0,0,Faible,Standard
ST0081,A0001,103,629000,12096.153846153846,15.215686274509803,0.020006721239787077,True,1046.2528968749161,0,1,1,0,0,1,Faible,Standard
ST0081,A0002,173,1426000,27423.076923076922,9.005813953488373,0.1991010757079988,False,1114.5705470364103,0,1,0,0,0,0,Moyen,Standard
ST0082,A0001,87,792000,29333.333333333332,9.36046511627907,0.4681674401221342,False,592.5926612499319,0,0,1,0,0,1,Faible,Standard
ST0082,A0002,71,632000,23407.40740740741,11.5,0.758386751834507,False,573.6938384023003,0,1,1,1,0,0,Faible,Standard
ST0083,A0001,223,1628000,26258.064516129034,8.387387387387387,0.021763282652318982,True,1336.986223885906,1,0,0,0,0,0,Moyen,Standard
ST0083,A0002,257,1946000,31387.09677419355,7.2734375,0.13587559653096487,False,1348.865016606585,0,1,1,0,0,0,Moyen,Standard
ST0084,A0001,485,6111000,142116.27906976745,2.690082644628099,0.0004422890145146131,True,1007.4611783360403,1,0,0,0,0,0,Élevé,Haute activité stable
ST0084,A0002,226,2318000,53906.976744186046,5.786666666666667,2.0272242316328246e-05,True,937.7435479357531,0,0,1,0,0,0,Moyen,Standard
ST0085,A0001,187,916000,12901.408450704226,11.53763440860215,0.00032285699250609614,True,1459.2390054290101,1,0,0,0,0,0,Faible,Standard
ST0085,A0002,190,967000,13619.718309859154,11.354497354497354,0.040864570527979385,True,1440.0588633257184,0,0,0,0,0,0,Faible,Standard
ST0086,A0001,29,151000,8882.35294117647,17.392857142857142,0.12125374906581027,False,inf,1,0,1,1,0,0,Très faible,Basse activité
ST0086,A0002,49,293000,17235.29411764706,10.5625,0.3972524637102678,False,inf,1,0,1,1,0,0,Très faible,Basse activité
ST0087,A0001,232,1099000,26166.666666666668,5.5021645021645025,0.06616391526424623,False,925.1100223430286,1,0,0,0,0,0,Moyen,Standard
ST0087,A0002,119,507000,12071.42857142857,10.771186440677965,0.7292098078974655,False,864.3352052995325,2,0,0,0,0,0,Faible,Standard
ST0089,A0001,30,159000,9937.5,16.413793103448278,0.7678713457372988,False,inf,1,0,1,1,0,0,Très faible,Basse activité
ST0090,A0002,25,140000,10000.0,16.916666666666668,0.80552235407343,False,inf,1,0,1,1,0,0,Très faible,Basse activité
ST0091,A0001,86,364000,5687.5,22.435294117647057,0.008644574537356314,True,1303.0838413188537,1,0,0,0,0,0,Très faible,Basse activité
ST0091,A0002,84,929000,14075.757575757576,23.795180722891565,0.5964950668325764,False,1408.3350087058418,0,1,1,2,0,1,Faible,Standard
ST0092,A0001,40,151000,3355.5555555555557,34.30769230769231,0.21547710759997207,False,826.2062812828909,0,1,2,0,0,0,Très faible,Basse activité
ST0092,A0002,138,2082000,30173.91304347826,15.02919708029197,0.519947941589639,False,1544.8088782858758,2,1,2,0,0,0,Moyen,Standard
ST0093,A0001,467,3625000,51785.71428571428,4.547210300429184,0.8086113125333876,False,1523.246678291627,0,1,0,0,0,0,Moyen,Standard
ST0093,A0002,286,1366000,19514.285714285714,7.463157894736842,0.0012187615001311234,True,1478.0741362643232,1,1,1,0,0,0,Moyen,Standard
ST0094,A0002,71,2997000,74925.0,17.15714285714286,0.0007134997634518741,True,1004.8048667910233,0,0,1,0,0,0,Moyen,Standard
ST0095,A0001,51,456000,28500.0,9.28,0.944342917705392,False,inf,1,0,1,1,0,0,Très faible,Basse activité
