Code Station,N° article,Dernier_mois_connu,Prevision_mois_suivant_L,segment,cv,vol_moy,Stock_securite_L,Commande_totale_L,Stock_actuel_estime_L,Seuil_critique_L,Seuil_attention_L,Niveau_alerte,Priorite
ST0001,A0001,2025-12-01,104352,A — Stable,0.254,90814.81481481482,15653,120005,118000,15653,23480,OK,3
ST0001,A0002,2025-12-01,56600,B — Modéré,0.506,48384.61538461538,14150,70750,56000,14150,21225,OK,3
ST0002,A0001,2025-12-01,164882,B — Modéré,0.323,219000.0,41220,206102,212000,41220,61830,OK,3
ST0002,A0002,2025-12-01,22174,C — Erratique,1.13,154527.27272727274,8870,31044,20000,8870,13305,OK,3
ST0003,A0001,2025-12-01,38220,C — Erratique,0.572,33589.28571428572,15288,53508,72000,15288,22932,OK,3
ST0003,A0002,2025-11-01,42195,B — Modéré,0.543,24096.153846153848,10549,52744,41000,10549,15824,OK,3
ST0004,A0001,2025-12-01,22510,B — Modéré,0.354,36214.28571428572,5628,28138,15000,5628,8442,OK,3
ST0004,A0002,2025-11-01,3578,B — Modéré,0.412,14296.296296296296,894,4472,5000,894,1341,OK,3
ST0005,A0001,2025-11-01,3468,A — Stable,0.0,5000.0,520,3988,5000,520,780,OK,3
ST0005,A0002,2025-11-01,5999,C — Erratique,0.561,15272.727272727272,2400,8399,5000,2400,3600,OK,3
ST0006,A0001,2024-04-01,16712,A — Stable,0.248,23375.0,2507,19219,12000,2507,3760,OK,3
ST0006,A0002,2024-01-01,4505,C — Erratique,0.649,6937.5,1802,6307,4000,1802,2703,OK,3
ST0007,A0001,2025-12-01,9270,B — Modéré,0.395,9443.414634146342,2318,11588,8180,2318,3477,OK,3
ST0007,A0002,2025-12-01,14149,C — Erratique,0.733,28252.962962962964,5660,19809,18660,5660,8490,OK,3
ST0008,A0002,2025-12-01,6744,B — Modéré,0.472,7714.285714285715,1686,8430,5000,1686,2529,OK,3
ST0009,A0001,2025-12-01,27143,B — Modéré,0.5,25411.764705882353,6786,33929,30000,6786,10179,OK,3
ST0009,A0002,2025-12-01,27805,B — Modéré,0.378,15586.206896551725,6951,34756,25000,6951,10426,OK,3
ST0010,A0001,2025-12-01,51123,A — Stable,0.28,67466.66666666667,7668,58791,58000,7668,11502,OK,3
ST0010,A0002,2025-12-01,24930,C — Erratique,0.613,22483.333333333332,9972,34902,22000,9972,14958,OK,3
ST0011,A0001,2025-12-01,58082,B — Modéré,0.373,82850.0,14520,72602,75000,14520,21780,OK,3
ST0011,A0002,2025-12-01,11578,B — Modéré,0.459,17949.15254237288,2894,14472,10000,2894,4341,OK,3
ST0012,A0001,2025-12-01,38368,B — Modéré,0.431,60766.666666666664,9592,47960,35000,9592,14388,OK,3
ST0012,A0002,2025-12-01,29541,B — Modéré,0.535,53533.333333333336,7385,36926,25000,7385,11078,OK,3
ST0013,A0001,2025-12-01,17320,B — Modéré,0.464,22533.333333333332,4330,21650,20000,4330,6495,OK,3
ST0013,A0002,2025-12-01,18402,B — Modéré,0.539,20142.85714285714,4600,23002,20000,4600,6900,OK,3
ST0014,A0001,2025-12-01,14712,B — Modéré,0.454,12113.207547169812,3678,18390,15000,3678,5517,OK,3
ST0014,A0002,2025-12-01,19634,B — Modéré,0.441,19096.153846153848,4908,24542,25000,4908,7362,OK,3
ST0015,A0001,2025-12-01,25581,B — Modéré,0.331,20913.043478260868,6395,31976,38000,6395,9592,OK,3
ST0015,A0002,2025-12-01,14652,B — Modéré,0.302,12736.842105263158,3663,18315,15000,3663,5494,OK,3
ST0016,A0001,2025-12-01,57172,B — Modéré,0.334,52250.0,14293,71465,55000,14293,21440,OK,3
ST0016,A0002,2025-12-01,54106,B — Modéré,0.449,51283.333333333336,13526,67632,51000,13526,20289,OK,3
ST0017,A0001,2025-12-01,9828,A — Stable,0.268,7173.913043478261,1474,11302,10000,1474,2211,OK,3
ST0017,A0002,2025-12-01,34741,B — Modéré,0.397,41900.0,8685,43426,36000,8685,13028,OK,3
ST0018,A0001,2025-12-01,17745,B — Modéré,0.548,20037.037037037036,4436,22181,15000,4436,6654,OK,3
ST0018,A0002,2025-12-01,8622,C — Erratique,0.878,20153.846153846152,3449,12071,10000,3449,5174,OK,3
ST0019,A0001,2025-12-01,4696,B — Modéré,0.35,7352.941176470588,1174,5870,5000,1174,1761,OK,3
ST0019,A0002,2025-12-01,4164,B — Modéré,0.366,6666.666666666667,1041,5205,5000,1041,1562,OK,3
ST0020,A0001,2023-03-01,14847,B — Modéré,0.378,27884.615384615383,3712,18559,12000,3712,5568,OK,3
ST0020,A0002,2023-02-01,7994,B — Modéré,0.416,19875.0,1998,9992,3000,1998,2997,OK,3
ST0021,A0001,2025-12-01,28787,A — Stable,0.284,32904.76190476191,4318,33105,30000,4318,6477,OK,3
ST0021,A0002,2025-12-01,9941,B — Modéré,0.416,10625.0,2485,12426,10000,2485,3728,OK,3
ST0022,A0001,2025-12-01,46356,B — Modéré,0.428,37631.57894736842,11589,57945,39000,11589,17384,OK,3
ST0022,A0002,2025-12-01,35336,C — Erratique,0.588,31923.076923076922,14134,49470,64000,14134,21201,OK,3
ST0023,A0001,2025-12-01,20206,B — Modéré,0.538,41396.55172413793,5052,25258,30000,5052,7578,OK,3
ST0023,A0002,2025-12-01,25144,C — Erratique,0.589,44724.137931034486,10058,35202,30000,10058,15087,OK,3
ST0024,A0001,2025-12-01,10775,B — Modéré,0.502,16109.0,2694,13469,5000,2694,4041,OK,3
ST0024,A0002,2025-12-01,40402,B — Modéré,0.486,73158.33333333333,10100,50502,60000,10100,15150,OK,3
ST0025,A0001,2025-12-01,29357,B — Modéré,0.335,24333.333333333332,7339,36696,30000,7339,11008,OK,3
ST0025,A0002,2025-12-01,23313,B — Modéré,0.342,22333.333333333332,5828,29141,24000,5828,8742,OK,3
ST0026,A0001,2025-12-01,41663,B — Modéré,0.365,74100.0,10416,52079,52000,10416,15624,OK,3
ST0026,A0002,2025-12-01,19831,B — Modéré,0.34,19627.118644067796,4958,24789,21000,4958,7437,OK,3
ST0027,A0001,2025-12-01,14347,C — Erratique,0.723,14166.666666666666,5739,20086,12000,5739,8608,OK,3
ST0027,A0002,2025-12-01,35481,C — Erratique,0.722,30240.0,14192,49673,42000,14192,21288,OK,3
ST0028,A0001,2025-06-01,4548,C — Erratique,0.623,9325.581395348838,1819,6367,4000,1819,2728,OK,3
ST0028,A0002,2025-12-01,7425,C — Erratique,0.734,13750.0,2970,10395,10000,2970,4455,OK,3
ST0029,A0001,2025-12-01,56459,A — Stable,0.144,68769.23076923077,8469,64928,68000,8469,12704,OK,3
ST0029,A0002,2025-12-01,47457,A — Stable,0.223,38846.153846153844,7119,54576,52000,7119,10678,OK,3
ST0030,A0001,2025-12-01,16611,C — Erratique,0.735,16717.391304347828,6644,23255,15000,6644,9966,OK,3
ST0030,A0002,2025-12-01,28665,C — Erratique,0.764,34229.166666666664,11466,40131,40000,11466,17199,OK,3
ST0031,A0001,2025-12-01,40027,B — Modéré,0.341,53631.57894736842,10007,50034,47000,10007,15010,OK,3
ST0031,A0002,2025-12-01,26097,B — Modéré,0.376,25000.0,6524,32621,30000,6524,9786,OK,3
ST0032,A0001,2025-12-01,6768,B — Modéré,0.432,13619.047619047618,1692,8460,5000,1692,2538,OK,3
ST0032,A0002,2025-12-01,6093,B — Modéré,0.309,6125.0,1523,7616,5000,1523,2284,OK,3
ST0033,A0001,2022-03-01,5001,C — Erratique,0.552,7833.333333333333,2000,7001,5000,2000,3000,OK,3
ST0033,A0002,2022-03-01,16922,B — Modéré,0.546,29076.923076923078,4230,21152,15000,4230,6345,OK,3
ST0036,A0001,2025-12-01,9763,B — Modéré,0.385,15769.23076923077,2441,12204,10000,2441,3662,OK,3
ST0036,A0002,2025-12-01,27901,B — Modéré,0.343,37857.142857142855,6975,34876,40000,6975,10462,OK,3
ST0037,A0001,2025-05-01,4879,C — Erratique,0.552,5760.0,1952,6831,4000,1952,2928,OK,3
ST0037,A0002,2025-08-01,9929,B — Modéré,0.53,15263.157894736842,2482,12411,13000,2482,3723,OK,3
ST0038,A0002,2025-12-01,8251,B — Modéré,0.303,10625.0,2063,10314,10000,2063,3094,OK,3
ST0039,A0001,2025-12-01,74836,A — Stable,0.216,85586.20689655172,11225,86061,91000,11225,16838,OK,3
ST0039,A0002,2025-12-01,64208,B — Modéré,0.309,69379.31034482758,16052,80260,72000,16052,24078,OK,3
ST0040,A0001,2025-12-01,40832,A — Stable,0.294,34000.0,6125,46957,50000,6125,9188,OK,3
ST0040,A0002,2025-12-01,47695,A — Stable,0.143,41111.11111111111,7154,54849,47000,7154,10731,OK,3
ST0041,A0001,2025-12-01,5308,C — Erratique,0.722,9294.117647058823,2123,7431,5000,2123,3184,OK,3
ST0041,A0002,2025-12-01,11518,C — Erratique,0.687,22741.935483870966,4607,16125,10000,4607,6910,OK,3
ST0042,A0001,2025-12-01,33987,B — Modéré,0.446,55508.47457627119,8497,42484,27000,8497,12746,OK,3
ST0042,A0002,2025-12-01,41449,B — Modéré,0.369,50050.0,10362,51811,47000,10362,15543,OK,3
ST0043,A0001,2025-12-01,14693,C — Erratique,0.713,21431.81818181818,5877,20570,20000,5877,8816,OK,3
ST0043,A0002,2025-12-01,28971,C — Erratique,0.593,29659.090909090908,11588,40559,30000,11588,17382,OK,3
ST0044,A0002,2025-12-01,13833,C — Erratique,0.783,20625.0,5533,19366,10000,5533,8300,OK,3
ST0045,A0001,2025-12-01,6960,A — Stable,0.0,5000.0,1044,8004,5000,1044,1566,OK,3
ST0045,A0002,2025-12-01,28990,A — Stable,0.278,16125.0,4348,33338,21000,4348,6522,OK,3
ST0046,A0001,2025-12-01,6751,B — Modéré,0.4,6250.0,1688,8439,5000,1688,2532,OK,3
ST0046,A0002,2025-10-01,16328,C — Erratique,0.596,38130.434782608696,6531,22859,20000,6531,9796,OK,3
ST0047,A0001,2025-12-01,19198,C — Erratique,0.706,17064.516129032258,7679,26877,15000,7679,11518,OK,3
ST0047,A0002,2025-12-01,16582,C — Erratique,0.596,43475.0,6633,23215,15000,6633,9950,OK,3
ST0049,A0001,2025-12-01,14365,B — Modéré,0.403,15288.135593220339,3591,17956,13000,3591,5386,OK,3
ST0049,A0002,2025-12-01,18057,B — Modéré,0.384,15288.135593220339,4514,22571,15000,4514,6771,OK,3
ST0050,A0001,2025-11-01,5727,C — Erratique,0.728,10125.0,2291,8018,5000,2291,3436,OK,3
ST0050,A0002,2025-12-01,10202,B — Modéré,0.433,20068.96551724138,2550,12752,10000,2550,3825,OK,3
ST0051,A0001,2025-12-01,22753,B — Modéré,0.413,41263.15789473684,5688,28441,30000,5688,8532,OK,3
ST0051,A0002,2025-12-01,25144,A — Stable,0.287,31052.63157894737,3772,28916,25000,3772,5658,OK,3
ST0052,A0001,2025-12-01,13513,B — Modéré,0.494,18333.333333333332,3378,16891,10000,3378,5067,OK,3
ST0052,A0002,2025-12-01,23257,B — Modéré,0.365,22500.0,5814,29071,30000,5814,8721,OK,3
ST0053,A0001,2025-12-01,18728,B — Modéré,0.487,23809.52380952381,4682,23410,17000,4682,7023,OK,3
ST0053,A0002,2025-12-01,23208,C — Erratique,0.649,46208.333333333336,9283,32491,20000,9283,13924,OK,3
ST0054,A0001,2025-12-01,71824,A — Stable,0.217,69178.57142857143,10774,82598,96000,10774,16161,OK,3
ST0054,A0002,2025-12-01,28379,A — Stable,0.282,19400.0,4257,32636,30000,4257,6386,OK,3
ST0055,A0001,2025-12-01,22322,B — Modéré,0.44,53375.0,5580,27902,5000,5580,8370,CRITIQUE,1
ST0055,A0002,2025-12-01,6113,C — Erratique,0.716,22436.363636363636,2445,8558,5000,2445,3668,OK,3
ST0056,A0001,2025-12-01,19254,B — Modéré,0.311,28000.0,4814,24068,20000,4814,7221,OK,3
ST0056,A0002,2025-12-01,21786,A — Stable,0.245,25500.0,3268,25054,20000,3268,4902,OK,3
ST0057,A0001,2025-11-01,11877,C — Erratique,0.815,31138.88888888889,4751,16628,15000,4751,7126,OK,3
ST0057,A0002,2025-12-01,26543,B — Modéré,0.535,70200.0,6636,33179,55000,6636,9954,OK,3
ST0058,A0001,2025-12-01,4524,B — Modéré,0.366,8785.714285714286,1131,5655,5000,1131,1696,OK,3
ST0058,A0002,2025-12-01,17298,B — Modéré,0.492,18428.571428571428,4324,21622,11000,4324,6486,OK,3
ST0059,A0001,2025-12-01,15312,C — Erratique,0.577,31508.77192982456,6125,21437,20000,6125,9188,OK,3
ST0059,A0002,2025-12-01,9415,C — Erratique,0.563,19596.491228070176,3766,13181,10000,3766,5649,OK,3
ST0060,A0002,2025-11-01,16057,B — Modéré,0.406,32307.69230769231,4014,20071,30000,4014,6021,OK,3
ST0061,A0001,2025-12-01,34002,A — Stable,0.24,30111.11111111111,5100,39102,28000,5100,7650,OK,3
ST0061,A0002,2025-12-01,35732,A — Stable,0.274,30250.0,5360,41092,45000,5360,8040,OK,3
ST0062,A0001,2025-12-01,17775,B — Modéré,0.494,20666.666666666668,4444,22219,20000,4444,6666,OK,3
ST0062,A0002,2025-12-01,11906,B — Modéré,0.336,10576.923076923076,2976,14882,10000,2976,4464,OK,3
ST0064,A0001,2025-12-01,19894,A — Stable,0.264,25000.0,2984,22878,24000,2984,4476,OK,3
ST0064,A0002,2025-12-01,22052,B — Modéré,0.304,21941.176470588234,5513,27565,21000,5513,8270,OK,3
ST0065,A0001,2025-12-01,12189,A — Stable,0.266,15111.111111111111,1828,14017,8000,1828,2742,OK,3
ST0065,A0002,2025-11-01,17583,A — Stable,0.258,8000.0,2637,20220,8000,2637,3956,OK,3
ST0066,A0001,2025-12-01,88627,A — Stable,0.134,91533.33333333333,13294,101921,120000,13294,19941,OK,3
ST0066,A0002,2025-12-01,89449,A — Stable,0.276,69500.0,13417,102866,88000,13417,20126,OK,3
ST0067,A0001,2025-12-01,44912,A — Stable,0.294,54279.06976744186,6737,51649,50000,6737,10106,OK,3
ST0067,A0002,2025-12-01,28748,B — Modéré,0.338,29809.52380952381,7187,35935,45000,7187,10780,OK,3
ST0068,A0001,2025-12-01,46003,B — Modéré,0.352,53978.72340425532,11501,57504,50000,11501,17252,OK,3
ST0068,A0002,2025-12-01,25190,B — Modéré,0.448,31234.042553191488,6298,31488,30000,6298,9447,OK,3
ST0069,A0001,2025-12-01,24655,B — Modéré,0.396,20588.235294117647,6164,30819,20000,6164,9246,OK,3
ST0069,A0002,2025-12-01,29377,B — Modéré,0.453,15764.70588235294,7344,36721,16000,7344,11016,OK,3
ST0070,A0001,2025-12-01,45950,A — Stable,0.211,39625.0,6892,52842,57000,6892,10338,OK,3
ST0070,A0002,2025-12-01,56766,A — Stable,0.197,51500.0,8515,65281,65000,8515,12772,OK,3
ST0072,A0001,2025-12-01,5037,A — Stable,0.298,6687.5,756,5793,5000,756,1134,OK,3
ST0072,A0002,2025-12-01,10515,C — Erratique,0.657,13470.588235294117,4206,14721,10000,4206,6309,OK,3
ST0073,A0001,2025-12-01,64444,B — Modéré,0.32,65243.24324324324,16111,80555,76000,16111,24166,OK,3
ST0073,A0002,2025-12-01,29487,B — Modéré,0.405,29500.0,7372,36859,20000,7372,11058,OK,3
ST0074,A0001,2025-12-01,30278,B — Modéré,0.4,55264.705882352944,7570,37848,19000,7570,11355,OK,3
ST0074,A0002,2025-12-01,77881,B — Modéré,0.361,81558.82352941176,19470,97351,106000,19470,29205,OK,3
ST0075,A0001,2025-12-01,17392,B — Modéré,0.489,14583.333333333334,4348,21740,13000,4348,6522,OK,3
ST0075,A0002,2025-12-01,13395,C — Erratique,0.621,10944.444444444445,5358,18753,10000,5358,8037,OK,3
ST0076,A0001,2025-12-01,10288,C — Erratique,0.792,10882.35294117647,4115,14403,10000,4115,6172,OK,3
ST0076,A0002,2025-12-01,5651,B — Modéré,0.499,12833.333333333334,1413,7064,8000,1413,2120,OK,3
ST0077,A0001,2025-12-01,5037,A — Stable,0.0,5000.0,756,5793,5000,756,1134,OK,3
ST0078,A0001,2025-12-01,6602,C — Erratique,0.588,16000.0,2641,9243,10000,2641,3962,OK,3
ST0078,A0002,2025-11-01,11256,C — Erratique,0.642,28089.285714285714,4502,15758,15000,4502,6753,OK,3
ST0079,A0001,2025-11-01,4907,C — Erratique,0.879,6071.428571428572,1963,6870,5000,1963,2944,OK,3
ST0079,A0002,2025-12-01,9466,C — Erratique,0.907,25809.52380952381,3786,13252,12000,3786,5679,OK,3
ST0080,A0001,2025-12-01,23078,B — Modéré,0.407,18720.0,5770,28848,21000,5770,8655,OK,3
ST0080,A0002,2025-12-01,16341,B — Modéré,0.459,11940.0,4085,20426,17000,4085,6128,OK,3
ST0081,A0001,2025-12-01,14598,B — Modéré,0.315,14483.870967741936,3650,18248,13000,3650,5475,OK,3
ST0081,A0002,2025-12-01,23887,B — Modéré,0.524,24972.222222222223,5972,29859,26000,5972,8958,OK,3
ST0082,A0001,2025-12-01,30472,A — Stable,0.268,36181.818181818184,4571,35043,36000,4571,6856,OK,3
ST0082,A0002,2025-12-01,37895,A — Stable,0.271,33700.0,5684,43579,40000,5684,8526,OK,3
ST0083,A0001,2025-12-01,16922,C — Erratique,0.603,27920.0,6769,23691,17000,6769,10154,OK,3
ST0083,A0002,2025-12-01,20566,C — Erratique,0.673,31980.0,8226,28792,21000,8226,12339,OK,3
ST0084,A0001,2025-12-01,128002,A — Stable,0.17,154161.29032258064,19200,147202,150000,19200,28800,OK,3
ST0084,A0002,2025-12-01,50979,A — Stable,0.215,51322.58064516129,7647,58626,49000,7647,11470,OK,3
ST0085,A0001,2025-12-01,13977,C — Erratique,0.632,13192.982456140351,5591,19568,15000,5591,8386,OK,3
ST0085,A0002,2025-12-01,19417,B — Modéré,0.387,14263.157894736842,4854,24271,23000,4854,7281,OK,3
ST0086,A0001,2025-12-01,4386,B — Modéré,0.433,6666.666666666667,1096,5482,5000,1096,1644,OK,3
ST0086,A0002,2025-12-01,15451,B — Modéré,0.53,14000.0,3863,19314,25000,3863,5794,OK,3
ST0087,A0001,2025-12-01,36743,C — Erratique,0.602,29107.14285714286,14697,51440,40000,14697,22046,OK,3
ST0087,A0002,2025-12-01,36753,C — Erratique,0.572,13125.0,14701,51454,33000,14701,22052,OK,3
ST0089,A0001,2025-11-01,5288,A — Stable,0.0,5000.0,793,6081,5000,793,1190,OK,3
ST0089,A0002,2025-12-01,5410,B — Modéré,0.471,7500.0,1352,6762,5000,1352,2028,OK,3
ST0090,A0002,2025-12-01,11796,C — Erratique,,10000.0,4718,16514,10000,4718,7077,OK,3
ST0091,A0001,2025-07-01,5238,C — Erratique,1.131,8694.444444444445,2095,7333,5000,2095,3142,OK,3
ST0091,A0002,2025-09-01,10667,B — Modéré,0.436,22000.0,2667,13334,10000,2667,4000,OK,3
ST0092,A0001,2023-09-01,6439,B — Modéré,0.318,5157.894736842105,1610,8049,10000,1610,2415,OK,3
ST0092,A0002,2025-09-01,7065,C — Erratique,0.756,35418.604651162794,2826,9891,10000,2826,4239,OK,3
ST0093,A0001,2025-12-01,14288,C — Erratique,0.633,46655.1724137931,5715,20003,20000,5715,8572,OK,3
ST0093,A0002,2025-12-01,12453,C — Erratique,0.642,20377.35849056604,4981,17434,20000,4981,7472,OK,3
ST0094,A0002,2024-11-01,48753,B — Modéré,0.471,81600.0,12188,60941,48000,12188,18282,OK,3
ST0095,A0001,2025-12-01,51790,A — Stable,0.258,32000.0,7768,59558,37000,7768,11652,OK,3
ST0095,A0002,2025-12-01,42427,C — Erratique,0.707,10000.0,16971,59398,15000,16971,25456,CRITIQUE,1
