Code Station,N° article,Horizon_mois,Prevision_L,IC_bas_L,IC_haut_L,Ordre_SARIMA
ST0001,A0001,1,0,0,183429,"(0, 0, 0)(0, 0, 0, 12)"
ST0001,A0001,2,0,0,183429,"(0, 0, 0)(0, 0, 0, 12)"
ST0001,A0001,3,0,0,183429,"(0, 0, 0)(0, 0, 0, 12)"
ST0001,A0001,4,0,0,183429,"(0, 0, 0)(0, 0, 0, 12)"
ST0001,A0001,5,0,0,183429,"(0, 0, 0)(0, 0, 0, 12)"
ST0001,A0001,6,0,0,183429,"(0, 0, 0)(0, 0, 0, 12)"
ST0001,A0001,7,0,0,183429,"(0, 0, 0)(0, 0, 0, 12)"
ST0001,A0001,8,0,0,183429,"(0, 0, 0)(0, 0, 0, 12)"
ST0001,A0001,9,0,0,183429,"(0, 0, 0)(0, 0, 0, 12)"
ST0001,A0001,10,0,0,183429,"(0, 0, 0)(0, 0, 0, 12)"
ST0001,A0001,11,0,0,183429,"(0, 0, 0)(0, 0, 0, 12)"
ST0001,A0001,12,0,0,183429,"(0, 0, 0)(0, 0, 0, 12)"
ST0006,A0001,1,8373,24,16723,"(1, 0, 0)(0, 0, 2, 12)"
ST0006,A0001,2,16278,7738,24818,"(1, 0, 0)(0, 0, 2, 12)"
ST0006,A0001,3,15531,6982,24080,"(1, 0, 0)(0, 0, 2, 12)"
ST0006,A0001,4,24005,15456,32554,"(1, 0, 0)(0, 0, 2, 12)"
ST0006,A0001,5,13544,4995,22093,"(1, 0, 0)(0, 0, 2, 12)"
ST0006,A0001,6,12826,4277,21375,"(1, 0, 0)(0, 0, 2, 12)"
ST0006,A0001,7,9665,1116,18214,"(1, 0, 0)(0, 0, 2, 12)"
ST0006,A0001,8,11326,2777,19875,"(1, 0, 0)(0, 0, 2, 12)"
ST0006,A0001,9,14472,5923,23021,"(1, 0, 0)(0, 0, 2, 12)"
ST0006,A0001,10,0,0,8316,"(1, 0, 0)(0, 0, 2, 12)"
ST0006,A0001,11,0,0,5587,"(1, 0, 0)(0, 0, 2, 12)"
ST0006,A0001,12,0,0,7637,"(1, 0, 0)(0, 0, 2, 12)"
ST0010,A0001,1,52660,24605,80715,"(0, 1, 1)(0, 0, 0, 12)"
ST0010,A0001,2,52660,22222,83098,"(0, 1, 1)(0, 0, 0, 12)"
ST0010,A0001,3,52660,20012,85308,"(0, 1, 1)(0, 0, 0, 12)"
ST0010,A0001,4,52660,17943,87377,"(0, 1, 1)(0, 0, 0, 12)"
ST0010,A0001,5,52660,15990,89330,"(0, 1, 1)(0, 0, 0, 12)"
ST0010,A0001,6,52660,14136,91184,"(0, 1, 1)(0, 0, 0, 12)"
ST0010,A0001,7,52660,12368,92952,"(0, 1, 1)(0, 0, 0, 12)"
ST0010,A0001,8,52660,10674,94646,"(0, 1, 1)(0, 0, 0, 12)"
ST0010,A0001,9,52660,9045,96275,"(0, 1, 1)(0, 0, 0, 12)"
ST0010,A0001,10,52660,7475,97845,"(0, 1, 1)(0, 0, 0, 12)"
ST0010,A0001,11,52660,5958,99362,"(0, 1, 1)(0, 0, 0, 12)"
ST0010,A0001,12,52660,4489,100831,"(0, 1, 1)(0, 0, 0, 12)"
ST0029,A0001,1,68000,45269,90731,"(0, 1, 0)(0, 0, 0, 12)"
ST0029,A0001,2,68000,35854,100146,"(0, 1, 0)(0, 0, 0, 12)"
ST0029,A0001,3,68000,28630,107370,"(0, 1, 0)(0, 0, 0, 12)"
ST0029,A0001,4,68000,22539,113461,"(0, 1, 0)(0, 0, 0, 12)"
ST0029,A0001,5,68000,17173,118827,"(0, 1, 0)(0, 0, 0, 12)"
ST0029,A0001,6,68000,12322,123678,"(0, 1, 0)(0, 0, 0, 12)"
ST0029,A0001,7,68000,7861,128139,"(0, 1, 0)(0, 0, 0, 12)"
ST0029,A0001,8,68000,3708,132292,"(0, 1, 0)(0, 0, 0, 12)"
ST0029,A0001,9,68000,0,136192,"(0, 1, 0)(0, 0, 0, 12)"
ST0029,A0001,10,68000,0,139880,"(0, 1, 0)(0, 0, 0, 12)"
ST0029,A0001,11,68000,0,143389,"(0, 1, 0)(0, 0, 0, 12)"
ST0029,A0001,12,68000,0,146741,"(0, 1, 0)(0, 0, 0, 12)"
ST0029,A0002,1,0,0,77943,"(0, 0, 0)(0, 0, 0, 12)"
ST0029,A0002,2,0,0,77943,"(0, 0, 0)(0, 0, 0, 12)"
ST0029,A0002,3,0,0,77943,"(0, 0, 0)(0, 0, 0, 12)"
ST0029,A0002,4,0,0,77943,"(0, 0, 0)(0, 0, 0, 12)"
ST0029,A0002,5,0,0,77943,"(0, 0, 0)(0, 0, 0, 12)"
ST0029,A0002,6,0,0,77943,"(0, 0, 0)(0, 0, 0, 12)"
ST0029,A0002,7,0,0,77943,"(0, 0, 0)(0, 0, 0, 12)"
ST0029,A0002,8,0,0,77943,"(0, 0, 0)(0, 0, 0, 12)"
ST0029,A0002,9,0,0,77943,"(0, 0, 0)(0, 0, 0, 12)"
ST0029,A0002,10,0,0,77943,"(0, 0, 0)(0, 0, 0, 12)"
ST0029,A0002,11,0,0,77943,"(0, 0, 0)(0, 0, 0, 12)"
ST0029,A0002,12,0,0,77943,"(0, 0, 0)(0, 0, 0, 12)"
ST0039,A0001,1,80935,44952,116918,"(0, 1, 1)(0, 0, 0, 12)"
ST0039,A0001,2,80935,44334,117536,"(0, 1, 1)(0, 0, 0, 12)"
ST0039,A0001,3,80935,43726,118144,"(0, 1, 1)(0, 0, 0, 12)"
ST0039,A0001,4,80935,43128,118742,"(0, 1, 1)(0, 0, 0, 12)"
ST0039,A0001,5,80935,42540,119331,"(0, 1, 1)(0, 0, 0, 12)"
ST0039,A0001,6,80935,41960,119910,"(0, 1, 1)(0, 0, 0, 12)"
ST0039,A0001,7,80935,41388,120482,"(0, 1, 1)(0, 0, 0, 12)"
ST0039,A0001,8,80935,40825,121045,"(0, 1, 1)(0, 0, 0, 12)"
ST0039,A0001,9,80935,40270,121600,"(0, 1, 1)(0, 0, 0, 12)"
ST0039,A0001,10,80935,39722,122148,"(0, 1, 1)(0, 0, 0, 12)"
ST0039,A0001,11,80935,39181,122689,"(0, 1, 1)(0, 0, 0, 12)"
ST0039,A0001,12,80935,38647,123223,"(0, 1, 1)(0, 0, 0, 12)"
ST0054,A0002,1,30000,21751,38249,"(1, 1, 0)(0, 0, 0, 12)"
ST0054,A0002,2,30000,21203,38797,"(1, 1, 0)(0, 0, 0, 12)"
ST0054,A0002,3,30000,19165,40835,"(1, 1, 0)(0, 0, 0, 12)"
ST0054,A0002,4,30000,18356,41644,"(1, 1, 0)(0, 0, 0, 12)"
ST0054,A0002,5,30000,17095,42905,"(1, 1, 0)(0, 0, 0, 12)"
ST0054,A0002,6,30000,16250,43750,"(1, 1, 0)(0, 0, 0, 12)"
ST0054,A0002,7,30000,15278,44722,"(1, 1, 0)(0, 0, 0, 12)"
ST0054,A0002,8,30000,14472,45528,"(1, 1, 0)(0, 0, 0, 12)"
ST0054,A0002,9,30000,13644,46356,"(1, 1, 0)(0, 0, 0, 12)"
ST0054,A0002,10,30000,12893,47107,"(1, 1, 0)(0, 0, 0, 12)"
ST0054,A0002,11,30000,12151,47849,"(1, 1, 0)(0, 0, 0, 12)"
ST0054,A0002,12,30000,11452,48548,"(1, 1, 0)(0, 0, 0, 12)"
ST0066,A0002,1,87089,52800,121377,"(0, 1, 1)(0, 0, 0, 12)"
ST0066,A0002,2,87089,50341,123836,"(0, 1, 1)(0, 0, 0, 12)"
ST0066,A0002,3,87089,48037,126140,"(0, 1, 1)(0, 0, 0, 12)"
ST0066,A0002,4,87089,45862,128315,"(0, 1, 1)(0, 0, 0, 12)"
ST0066,A0002,5,87089,43796,130382,"(0, 1, 1)(0, 0, 0, 12)"
ST0066,A0002,6,87089,41823,132354,"(0, 1, 1)(0, 0, 0, 12)"
ST0066,A0002,7,87089,39934,134243,"(0, 1, 1)(0, 0, 0, 12)"
ST0066,A0002,8,87089,38117,136060,"(0, 1, 1)(0, 0, 0, 12)"
ST0066,A0002,9,87089,36365,137812,"(0, 1, 1)(0, 0, 0, 12)"
ST0066,A0002,10,87089,34672,139505,"(0, 1, 1)(0, 0, 0, 12)"
ST0066,A0002,11,87089,33032,141146,"(0, 1, 1)(0, 0, 0, 12)"
ST0066,A0002,12,87089,31440,142737,"(0, 1, 1)(0, 0, 0, 12)"
ST0067,A0001,1,47127,10807,83447,"(1, 0, 0)(0, 0, 0, 12)"
ST0067,A0001,2,44419,0,94330,"(1, 0, 0)(0, 0, 0, 12)"
ST0067,A0001,3,41867,0,101299,"(1, 0, 0)(0, 0, 0, 12)"
ST0067,A0001,4,39462,0,106223,"(1, 0, 0)(0, 0, 0, 12)"
ST0067,A0001,5,37194,0,109849,"(1, 0, 0)(0, 0, 0, 12)"
ST0067,A0001,6,35057,0,112573,"(1, 0, 0)(0, 0, 0, 12)"
ST0067,A0001,7,33043,0,114634,"(1, 0, 0)(0, 0, 0, 12)"
ST0067,A0001,8,31144,0,116193,"(1, 0, 0)(0, 0, 0, 12)"
ST0067,A0001,9,29355,0,117361,"(1, 0, 0)(0, 0, 0, 12)"
ST0067,A0001,10,27668,0,118221,"(1, 0, 0)(0, 0, 0, 12)"
ST0067,A0001,11,26078,0,118835,"(1, 0, 0)(0, 0, 0, 12)"
ST0067,A0001,12,24580,0,119251,"(1, 0, 0)(0, 0, 0, 12)"
ST0084,A0001,1,150000,89686,210314,"(0, 1, 0)(0, 0, 0, 12)"
ST0084,A0001,2,150000,64704,235296,"(0, 1, 0)(0, 0, 0, 12)"
ST0084,A0001,3,150000,45534,254466,"(0, 1, 0)(0, 0, 0, 12)"
ST0084,A0001,4,150000,29373,270627,"(0, 1, 0)(0, 0, 0, 12)"
ST0084,A0001,5,150000,15135,284865,"(0, 1, 0)(0, 0, 0, 12)"
ST0084,A0001,6,150000,2262,297738,"(0, 1, 0)(0, 0, 0, 12)"
ST0084,A0001,7,150000,0,309575,"(0, 1, 0)(0, 0, 0, 12)"
ST0084,A0001,8,150000,0,320593,"(0, 1, 0)(0, 0, 0, 12)"
ST0084,A0001,9,150000,0,330941,"(0, 1, 0)(0, 0, 0, 12)"
ST0084,A0001,10,150000,0,340729,"(0, 1, 0)(0, 0, 0, 12)"
ST0084,A0001,11,150000,0,350038,"(0, 1, 0)(0, 0, 0, 12)"
ST0084,A0001,12,150000,0,358933,"(0, 1, 0)(0, 0, 0, 12)"
ST0084,A0002,1,47891,22880,72903,"(1, 0, 0)(0, 0, 0, 12)"
ST0084,A0002,2,46808,11834,81782,"(1, 0, 0)(0, 0, 0, 12)"
ST0084,A0002,3,45749,3392,88105,"(1, 0, 0)(0, 0, 0, 12)"
ST0084,A0002,4,44714,0,93081,"(1, 0, 0)(0, 0, 0, 12)"
ST0084,A0002,5,43702,0,97184,"(1, 0, 0)(0, 0, 0, 12)"
ST0084,A0002,6,42713,0,100661,"(1, 0, 0)(0, 0, 0, 12)"
ST0084,A0002,7,41747,0,103660,"(1, 0, 0)(0, 0, 0, 12)"
ST0084,A0002,8,40802,0,106280,"(1, 0, 0)(0, 0, 0, 12)"
ST0084,A0002,9,39879,0,108590,"(1, 0, 0)(0, 0, 0, 12)"
ST0084,A0002,10,38977,0,110639,"(1, 0, 0)(0, 0, 0, 12)"
ST0084,A0002,11,38095,0,112468,"(1, 0, 0)(0, 0, 0, 12)"
ST0084,A0002,12,37233,0,114106,"(1, 0, 0)(0, 0, 0, 12)"
