Code Station,N° article,mean,std,CV,Segment
ST0001,A0001,90814.81481481482,23043.499061619284,0.2537416291450737,Stable
ST0001,A0002,48384.61538461538,24496.655972727254,0.5062901870356984,Modere
ST0002,A0001,219000.0,70694.5492824278,0.3228061611069763,Modere
ST0002,A0002,154527.27272727274,174682.55383064048,1.1304318697123457,Erratique
ST0003,A0001,33589.28571428572,19220.043312517922,0.5722075627331226,Erratique
ST0003,A0002,24096.153846153848,13080.834079337656,0.5428598340986098,Modere
ST0004,A0001,36214.28571428572,12807.281328465268,0.3536527388530843,Modere
ST0004,A0002,14296.296296296296,5895.33593232699,0.4123680574425615,Modere
ST0005,A0001,5000.0,0.0,0.0,Stable
ST0005,A0002,15272.727272727272,8575.612254592994,0.5614984214316842,Modere
ST0006,A0001,23375.0,5785.425986576431,0.2475048550407029,Stable
ST0006,A0002,6937.5,4500.448006372756,0.6487132261438207,Erratique
ST0007,A0001,9443.414634146342,3733.668176040888,0.39537268251892244,Modere
ST0007,A0002,28252.962962962964,20714.03686225062,0.7331633460676255,Erratique
ST0008,A0002,7714.285714285715,3638.419332360584,0.4716469504911868,Modere
ST0009,A0001,25411.764705882353,12699.600678663262,0.49975280448443393,Modere
ST0009,A0002,15586.206896551725,5895.017517115076,0.37822015043437435,Modere
ST0010,A0001,67466.66666666667,18885.44113876214,0.27992254652315424,Stable
ST0010,A0002,22483.333333333332,13779.734157316956,0.6128866193024591,Erratique
ST0011,A0001,82850.0,30923.538837547163,0.3732473003928444,Modere
ST0011,A0002,17949.15254237288,8245.006281366796,0.4593535133150528,Modere
ST0012,A0001,60766.666666666664,26165.941549562867,0.43059695364063966,Modere
ST0012,A0002,53533.333333333336,28623.486070048497,0.5346852939610554,Modere
ST0013,A0001,22533.333333333332,10446.234226926445,0.4635902763428896,Modere
ST0013,A0002,20142.85714285714,10861.768823631905,0.5392367501093853,Modere
ST0014,A0001,12113.207547169812,5497.063472571552,0.45380742063285395,Modere
ST0014,A0002,19096.153846153848,8416.27651680004,0.4407314993691864,Modere
ST0015,A0001,20913.043478260868,6921.068253582751,0.330945051626618,Modere
ST0015,A0002,12736.842105263158,3841.9049855675316,0.3016371682883599,Stable
ST0016,A0001,52250.0,17473.102816440423,0.3344134510323526,Modere
ST0016,A0002,51283.333333333336,23021.796353556616,0.4489138060492028,Modere
ST0017,A0001,7173.913043478261,1922.407910385578,0.26797201175071694,Stable
ST0017,A0002,41900.0,16628.496521084642,0.39686149214999145,Modere
ST0018,A0001,20037.037037037036,10981.911307275546,0.5480806012873193,Modere
ST0018,A0002,20153.846153846152,17693.89461044886,0.8779413356329588,Erratique
ST0019,A0001,7352.941176470588,2572.4787771376323,0.349857113690718,Modere
ST0019,A0002,6666.666666666667,2439.7501823713333,0.36596252735569995,Modere
ST0020,A0001,27884.615384615383,10534.996622977804,0.37780677544472124,Modere
ST0020,A0002,19875.0,8268.917704270616,0.41604617379977943,Modere
ST0021,A0001,32904.76190476191,9342.9372357132,0.2839387582488816,Stable
ST0021,A0002,10625.0,4425.306015783918,0.41649938972083933,Modere
ST0022,A0001,37631.57894736842,16107.486700896228,0.42803111512871095,Modere
ST0022,A0002,31923.076923076922,18781.34885615812,0.5883314099519412,Erratique
ST0023,A0001,41396.55172413793,22286.759231067965,0.5383723596009754,Modere
ST0023,A0002,44724.137931034486,26343.07599261277,0.5890124932812415,Erratique
ST0024,A0001,16109.0,8093.511520911701,0.5024217220753431,Modere
ST0024,A0002,73158.33333333333,35584.167549993195,0.48639937418831114,Modere
ST0025,A0001,24333.333333333332,8144.527815247078,0.3347066225444005,Modere
ST0025,A0002,22333.333333333332,7637.6261582597335,0.34198326081760005,Modere
ST0026,A0001,74100.0,27061.574484115346,0.3652034343335404,Modere
ST0026,A0002,19627.118644067796,6682.190186800837,0.340457012971718,Modere
ST0027,A0001,14166.666666666666,10238.295514169386,0.7227032127648978,Erratique
ST0027,A0002,30240.0,21822.62447038647,0.7216476346027272,Erratique
ST0028,A0001,9325.581395348838,5809.355878697732,0.6229483859950186,Erratique
ST0028,A0002,13750.0,10085.80211263929,0.7335128809192212,Erratique
ST0029,A0001,68769.23076923077,9912.851022012552,0.14414660322837045,Stable
ST0029,A0002,38846.153846153844,8679.59587857549,0.223435141428676,Stable
ST0030,A0001,16717.391304347828,12292.116793526675,0.7352891710041963,Erratique
ST0030,A0002,34229.166666666664,26146.26581965495,0.7638592570562615,Erratique
ST0031,A0001,53631.57894736842,18276.30684281881,0.34077510305550285,Modere
ST0031,A0002,25000.0,9393.364366277243,0.3757345746510897,Modere
ST0032,A0001,13619.047619047618,5877.722266968646,0.4315810056165789,Modere
ST0032,A0002,6125.0,1895.3604681821942,0.30944660705015414,Stable
ST0033,A0001,7833.333333333333,4323.999271157397,0.5519999069562634,Modere
ST0033,A0002,29076.923076923078,15887.424473786063,0.5463929051831186,Modere
ST0036,A0001,15769.23076923077,6071.159226949526,0.3850003412211894,Modere
ST0036,A0002,37857.142857142855,12966.567322613497,0.3425130990879037,Modere
ST0037,A0001,5760.0,3179.0984046843632,0.5519268063688131,Modere
ST0037,A0002,15263.157894736842,8082.96243032659,0.5295734006076042,Modere
ST0038,A0002,10625.0,3222.3180062391934,0.3032769888225123,Stable
ST0039,A0001,85586.20689655172,18496.1204872603,0.2161109968293911,Stable
ST0039,A0002,69379.31034482758,21472.81233773233,0.3094987861800386,Stable
ST0040,A0001,34000.0,10000.0,0.29411764705882354,Stable
ST0040,A0002,41111.11111111111,5883.120864907597,0.14310293995721182,Stable
ST0041,A0001,9294.117647058823,6706.011350668451,0.7215328668440738,Erratique
ST0041,A0002,22741.935483870966,15624.697846540872,0.6870434514081802,Erratique
ST0042,A0001,55508.47457627119,24740.984342860193,0.4457154431232828,Modere
ST0042,A0002,50050.0,18477.127408992328,0.36917337480504153,Modere
ST0043,A0001,21431.81818181818,15270.274707437058,0.7125048643979116,Erratique
ST0043,A0002,29659.090909090908,17573.689612491584,0.5925228681606358,Erratique
ST0044,A0002,20625.0,16155.993594708376,0.7833209015616183,Erratique
ST0045,A0001,5000.0,0.0,0.0,Stable
ST0045,A0002,16125.0,4486.08961123159,0.27820710767327694,Stable
ST0046,A0001,6250.0,2500.0,0.4,Modere
ST0046,A0002,38130.434782608696,22742.24013077885,0.5964327514343369,Erratique
ST0047,A0001,17064.516129032258,12055.249157859183,0.7064512739010108,Erratique
ST0047,A0002,43475.0,25905.140070095786,0.5958629113305529,Erratique
ST0049,A0001,15288.135593220339,6156.159930081882,0.4026756495286375,Modere
ST0049,A0002,15288.135593220339,5878.220606487891,0.38449558290774455,Modere
ST0050,A0001,10125.0,7368.042038307115,0.7277078556352706,Erratique
ST0050,A0002,20068.96551724138,8680.565462501187,0.43253676703184607,Modere
ST0051,A0001,41263.15789473684,17025.60850687105,0.4126104102430484,Modere
ST0051,A0002,31052.63157894737,8909.88018506875,0.28692834494289193,Stable
ST0052,A0001,18333.333333333332,9048.020041239224,0.4935283658857759,Modere
ST0052,A0002,22500.0,8215.838362577491,0.3651483716701107,Modere
ST0053,A0001,23809.52380952381,11597.38846809518,0.48709031565999755,Modere
ST0053,A0002,46208.333333333336,29993.58678496038,0.649094754588863,Erratique
ST0054,A0001,69178.57142857143,14981.602474315378,0.21656420716614896,Stable
ST0054,A0002,19400.0,5461.989869391313,0.2815458695562532,Stable
ST0055,A0001,53375.0,23464.14091951608,0.4396091975553364,Modere
ST0055,A0002,22436.363636363636,16073.631082042917,0.7164098132190928,Erratique
ST0056,A0001,28000.0,8705.715001320143,0.3109183929042908,Stable
ST0056,A0002,25500.0,6253.420116855636,0.24523216144531904,Stable
ST0057,A0001,31138.88888888889,25363.813117767128,0.8145381554323073,Erratique
ST0057,A0002,70200.0,37591.73395227282,0.535494785644912,Modere
ST0058,A0001,8785.714285714286,3214.8351178816056,0.36591619227920713,Modere
ST0058,A0002,18428.571428571428,9061.450772911041,0.49170663108819607,Modere
ST0059,A0001,31508.77192982456,18186.65406183645,0.5771933638778829,Erratique
ST0059,A0002,19596.491228070176,11041.900148853147,0.5634631230838222,Modere
ST0060,A0002,32307.69230769231,13130.020407350321,0.40640539356084326,Modere
ST0061,A0001,30111.11111111111,7236.0977820308035,0.24031321047334772,Stable
ST0061,A0002,30250.0,8276.472678623424,0.27360240259912144,Stable
ST0062,A0001,20666.666666666668,10209.347150076212,0.49400066855207475,Modere
ST0062,A0002,10576.923076923076,3557.224501468266,0.3363194074115452,Modere
ST0064,A0001,25000.0,6595.452979136459,0.2638181191654584,Stable
ST0064,A0002,21941.176470588234,6675.239585918379,0.3042334395726875,Stable
ST0065,A0001,15111.111111111111,4013.0506056364015,0.26556952537299716,Stable
ST0065,A0002,8000.0,2065.5911179772893,0.25819888974716115,Stable
ST0066,A0001,91533.33333333333,12291.666179622047,0.13428622920198888,Stable
ST0066,A0002,69500.0,19164.892471607447,0.27575384851233736,Stable
ST0067,A0001,54279.06976744186,15984.107555699176,0.29448013063198997,Stable
ST0067,A0002,29809.52380952381,10071.059951574103,0.3378470590783645,Modere
ST0068,A0001,53978.72340425532,18997.12719895132,0.3519373190188065,Modere
ST0068,A0002,31234.042553191488,13983.239604048731,0.447692276151424,Modere
ST0069,A0001,20588.235294117647,8147.536617970886,0.39573749287287163,Modere
ST0069,A0002,15764.70588235294,7137.308769458432,0.4527397353760946,Modere
ST0070,A0001,39625.0,8348.438690643214,0.2106861499215953,Stable
ST0070,A0002,51500.0,10169.983846032963,0.19747541448607694,Stable
ST0072,A0001,6687.5,1990.6029237394384,0.29766025027879456,Stable
ST0072,A0002,13470.588235294117,8846.734193042817,0.6567444597455367,Erratique
ST0073,A0001,65243.24324324324,20869.176373841943,0.31986724350959067,Modere
ST0073,A0002,29500.0,11955.87124148036,0.4052837708976393,Modere
ST0074,A0001,55264.705882352944,22087.03009450845,0.39965887345039236,Modere
ST0074,A0002,81558.82352941176,29457.921892257415,0.3611862042325107,Modere
ST0075,A0001,14583.333333333334,7125.68328785672,0.48861828259588935,Modere
ST0075,A0002,10944.444444444445,6795.086652455514,0.6208708616456814,Erratique
ST0076,A0001,10882.35294117647,8615.990605707917,0.791739677281268,Erratique
ST0076,A0002,12833.333333333334,6410.010553354623,0.4994813418198407,Modere
ST0077,A0001,5000.0,0.0,0.0,Stable
ST0078,A0001,16000.0,9409.859432821224,0.5881162145513265,Erratique
ST0078,A0002,28089.285714285714,18039.629895129412,0.6422245862220262,Erratique
ST0079,A0001,6071.428571428572,5339.777852423031,0.8794928227520286,Erratique
ST0079,A0002,25809.52380952381,23417.981516439406,0.9073387672421173,Erratique
ST0080,A0001,18720.0,7626.591503363981,0.40740339227371697,Modere
ST0080,A0002,11940.0,5486.1978953496355,0.45948056074955074,Modere
ST0081,A0001,14483.870967741936,4559.758529731851,0.3148162904714641,Stable
ST0081,A0002,24972.222222222223,13096.315972955603,0.5244353448569541,Modere
ST0082,A0001,36181.818181818184,9714.09472692316,0.2684800050154642,Stable
ST0082,A0002,33700.0,9117.138927438926,0.2705382471050126,Stable
ST0083,A0001,27920.0,16839.991274417243,0.603151549943311,Erratique
ST0083,A0002,31980.0,21514.57977412394,0.67275108737098,Erratique
ST0084,A0001,154161.29032258064,26199.35975578226,0.16994771969643233,Stable
ST0084,A0002,51322.58064516129,11049.546285629991,0.21529599928003126,Stable
ST0085,A0001,13192.982456140351,8337.605421246619,0.631972751344491,Erratique
ST0085,A0002,14263.157894736842,5521.148676386729,0.38709160461751974,Modere
ST0086,A0001,6666.666666666667,2886.751345948129,0.4330127018922193,Modere
ST0086,A0002,14000.0,7416.198487095663,0.5297284633639759,Modere
ST0087,A0001,29107.14285714286,17533.75429514568,0.6023866506307719,Erratique
ST0087,A0002,13125.0,7502.535803197534,0.5716217754817169,Modere
ST0089,A0001,5000.0,0.0,0.0,Stable
ST0089,A0002,7500.0,3535.5339059327375,0.4714045207910317,Modere
ST0090,A0002,10000.0,,,Erratique
ST0091,A0001,8694.444444444445,9835.270188588602,1.1312131846299989,Erratique
ST0091,A0002,22000.0,9587.938851941613,0.43581540236098243,Modere
ST0092,A0001,5157.894736842105,1641.9215671732127,0.3183317324111331,Stable
ST0092,A0002,35418.604651162794,26776.173273070624,0.755991760172053,Erratique
ST0093,A0001,46655.1724137931,29554.322107483877,0.6334629276548651,Erratique
ST0093,A0002,20377.35849056604,13091.727298468852,0.6424643952026381,Erratique
ST0094,A0002,81600.0,38463.10604092953,0.4713615936388423,Modere
ST0095,A0001,32000.0,8246.211251235321,0.2576941016011038,Stable
ST0095,A0002,10000.0,7071.067811865475,0.7071067811865475,Erratique
