Code Station,N° article,mean,std,count,CV,Segment_Quantiles,Cluster_KMeans,Segment_KMeans,Segment_Optimal
ST0001,A0001,90814.81481481482,23043.499061619284,27,0.2537416291450737,Stable,1,Stable,Stable
ST0001,A0002,48384.61538461538,24496.655972727254,26,0.5062901870356984,Modere,0,Modere,Modere
ST0002,A0001,219000.0,70694.5492824278,58,0.3228061611069763,Stable,1,Stable,Stable
ST0002,A0002,154527.27272727274,174682.55383064048,55,1.1304318697123457,Erratique,2,Erratique,Erratique
ST0003,A0001,33589.28571428572,19220.043312517922,56,0.5722075627331226,Modere,0,Modere,Modere
ST0003,A0002,24096.153846153848,13080.834079337656,52,0.5428598340986098,Modere,0,Modere,Modere
ST0004,A0001,36214.28571428572,12807.281328465268,28,0.3536527388530843,Modere,1,Stable,Stable
ST0004,A0002,14296.296296296296,5895.33593232699,27,0.4123680574425615,Modere,1,Stable,Modere
ST0005,A0002,15272.727272727272,8575.612254592994,22,0.5614984214316842,Modere,0,Modere,Modere
ST0006,A0001,23375.0,5785.425986576431,40,0.2475048550407029,Stable,1,Stable,Stable
ST0006,A0002,6937.5,4500.448006372756,32,0.6487132261438207,Erratique,0,Modere,Erratique
ST0007,A0001,9443.414634146342,3733.668176040888,41,0.39537268251892244,Modere,1,Stable,Stable
ST0007,A0002,28252.962962962964,20714.03686225062,54,0.7331633460676255,Erratique,2,Erratique,Erratique
ST0009,A0001,25411.764705882353,12699.600678663262,34,0.49975280448443393,Modere,0,Modere,Modere
ST0009,A0002,15586.206896551725,5895.017517115076,29,0.37822015043437435,Modere,1,Stable,Stable
ST0010,A0001,67466.66666666667,18885.44113876214,60,0.27992254652315424,Stable,1,Stable,Stable
ST0010,A0002,22483.333333333332,13779.734157316956,60,0.6128866193024591,Erratique,0,Modere,Modere
ST0011,A0001,82850.0,30923.538837547163,60,0.3732473003928444,Modere,1,Stable,Stable
ST0011,A0002,17949.15254237288,8245.006281366796,59,0.4593535133150528,Modere,0,Modere,Modere
ST0012,A0001,60766.666666666664,26165.941549562867,60,0.43059695364063966,Modere,0,Modere,Modere
ST0012,A0002,53533.333333333336,28623.486070048497,60,0.5346852939610554,Modere,0,Modere,Modere
ST0013,A0001,22533.333333333332,10446.234226926445,15,0.4635902763428896,Modere,0,Modere,Modere
ST0013,A0002,20142.85714285714,10861.768823631905,14,0.5392367501093853,Modere,0,Modere,Modere
ST0014,A0001,12113.207547169812,5497.063472571552,53,0.45380742063285395,Modere,0,Modere,Modere
ST0014,A0002,19096.153846153848,8416.27651680004,52,0.4407314993691864,Modere,0,Modere,Modere
ST0015,A0001,20913.043478260868,6921.068253582751,23,0.330945051626618,Stable,1,Stable,Stable
ST0015,A0002,12736.842105263158,3841.9049855675316,19,0.3016371682883599,Stable,1,Stable,Stable
ST0016,A0001,52250.0,17473.102816440423,60,0.3344134510323526,Stable,1,Stable,Stable
ST0016,A0002,51283.333333333336,23021.796353556616,60,0.4489138060492028,Modere,0,Modere,Modere
ST0017,A0001,7173.913043478261,1922.407910385578,23,0.26797201175071694,Stable,1,Stable,Stable
ST0017,A0002,41900.0,16628.496521084642,30,0.39686149214999145,Modere,1,Stable,Stable
ST0018,A0001,20037.037037037036,10981.911307275546,54,0.5480806012873193,Modere,0,Modere,Modere
ST0018,A0002,20153.846153846152,17693.89461044886,52,0.8779413356329588,Erratique,2,Erratique,Erratique
ST0019,A0001,7352.941176470588,2572.4787771376323,17,0.349857113690718,Modere,1,Stable,Stable
ST0019,A0002,6666.666666666667,2439.7501823713333,15,0.36596252735569995,Modere,1,Stable,Stable
ST0020,A0001,27884.615384615383,10534.996622977804,26,0.37780677544472124,Modere,1,Stable,Stable
ST0020,A0002,19875.0,8268.917704270616,24,0.41604617379977943,Modere,1,Stable,Modere
ST0021,A0001,32904.76190476191,9342.9372357132,21,0.2839387582488816,Stable,1,Stable,Stable
ST0021,A0002,10625.0,4425.306015783918,16,0.41649938972083933,Modere,1,Stable,Modere
ST0022,A0001,37631.57894736842,16107.486700896228,57,0.42803111512871095,Modere,1,Stable,Modere
ST0022,A0002,31923.076923076922,18781.34885615812,52,0.5883314099519412,Modere,0,Modere,Modere
ST0023,A0001,41396.55172413793,22286.759231067965,58,0.5383723596009754,Modere,0,Modere,Modere
ST0023,A0002,44724.137931034486,26343.07599261277,58,0.5890124932812415,Modere,0,Modere,Modere
ST0024,A0001,16109.0,8093.511520911701,47,0.5024217220753431,Modere,0,Modere,Modere
ST0024,A0002,73158.33333333333,35584.167549993195,60,0.48639937418831114,Modere,0,Modere,Modere
ST0026,A0001,74100.0,27061.574484115346,60,0.3652034343335404,Modere,1,Stable,Stable
ST0026,A0002,19627.118644067796,6682.190186800837,59,0.340457012971718,Stable,1,Stable,Stable
ST0027,A0001,14166.666666666666,10238.295514169386,48,0.7227032127648978,Erratique,2,Erratique,Erratique
ST0027,A0002,30240.0,21822.62447038647,50,0.7216476346027272,Erratique,2,Erratique,Erratique
ST0028,A0001,9325.581395348838,5809.355878697732,43,0.6229483859950186,Erratique,0,Modere,Modere
ST0028,A0002,13750.0,10085.80211263929,48,0.7335128809192212,Erratique,2,Erratique,Erratique
ST0029,A0001,68769.23076923077,9912.851022012552,26,0.14414660322837045,Stable,1,Stable,Stable
ST0029,A0002,38846.153846153844,8679.59587857549,26,0.223435141428676,Stable,1,Stable,Stable
ST0030,A0001,16717.391304347828,12292.116793526675,46,0.7352891710041963,Erratique,2,Erratique,Erratique
ST0030,A0002,34229.166666666664,26146.26581965495,48,0.7638592570562615,Erratique,2,Erratique,Erratique
ST0031,A0001,53631.57894736842,18276.30684281881,19,0.34077510305550285,Modere,1,Stable,Stable
ST0031,A0002,25000.0,9393.364366277243,18,0.3757345746510897,Modere,1,Stable,Stable
ST0032,A0001,13619.047619047618,5877.722266968646,21,0.4315810056165789,Modere,0,Modere,Modere
ST0032,A0002,6125.0,1895.3604681821942,24,0.30944660705015414,Stable,1,Stable,Stable
ST0033,A0001,7833.333333333333,4323.999271157397,12,0.5519999069562634,Modere,0,Modere,Modere
ST0033,A0002,29076.923076923078,15887.424473786063,13,0.5463929051831186,Modere,0,Modere,Modere
ST0036,A0001,15769.23076923077,6071.159226949526,13,0.3850003412211894,Modere,1,Stable,Stable
ST0036,A0002,37857.142857142855,12966.567322613497,14,0.3425130990879037,Modere,1,Stable,Stable
ST0037,A0001,5760.0,3179.0984046843632,25,0.5519268063688131,Modere,0,Modere,Modere
ST0037,A0002,15263.157894736842,8082.96243032659,38,0.5295734006076042,Modere,0,Modere,Modere
ST0038,A0002,10625.0,3222.3180062391934,16,0.3032769888225123,Stable,1,Stable,Stable
ST0039,A0001,85586.20689655172,18496.1204872603,58,0.2161109968293911,Stable,1,Stable,Stable
ST0039,A0002,69379.31034482758,21472.81233773233,58,0.3094987861800386,Stable,1,Stable,Stable
ST0040,A0001,34000.0,10000.0,14,0.29411764705882354,Stable,1,Stable,Stable
ST0041,A0001,9294.117647058823,6706.011350668451,17,0.7215328668440738,Erratique,2,Erratique,Erratique
ST0041,A0002,22741.935483870966,15624.697846540872,31,0.6870434514081802,Erratique,2,Erratique,Erratique
ST0042,A0001,55508.47457627119,24740.984342860193,59,0.4457154431232828,Modere,0,Modere,Modere
ST0042,A0002,50050.0,18477.127408992328,60,0.36917337480504153,Modere,1,Stable,Stable
ST0043,A0001,21431.81818181818,15270.274707437058,44,0.7125048643979116,Erratique,2,Erratique,Erratique
ST0043,A0002,29659.090909090908,17573.689612491584,44,0.5925228681606358,Erratique,0,Modere,Modere
ST0044,A0002,20625.0,16155.993594708376,32,0.7833209015616183,Erratique,2,Erratique,Erratique
ST0046,A0002,38130.434782608696,22742.24013077885,23,0.5964327514343369,Erratique,0,Modere,Modere
ST0047,A0001,17064.516129032258,12055.249157859183,31,0.7064512739010108,Erratique,2,Erratique,Erratique
ST0047,A0002,43475.0,25905.140070095786,40,0.5958629113305529,Erratique,0,Modere,Modere
ST0049,A0001,15288.135593220339,6156.159930081882,59,0.4026756495286375,Modere,1,Stable,Stable
ST0049,A0002,15288.135593220339,5878.220606487891,59,0.38449558290774455,Modere,1,Stable,Stable
ST0050,A0001,10125.0,7368.042038307115,24,0.7277078556352706,Erratique,2,Erratique,Erratique
ST0050,A0002,20068.96551724138,8680.565462501187,29,0.43253676703184607,Modere,0,Modere,Modere
ST0051,A0001,41263.15789473684,17025.60850687105,19,0.4126104102430484,Modere,1,Stable,Modere
ST0051,A0002,31052.63157894737,8909.88018506875,19,0.28692834494289193,Stable,1,Stable,Stable
ST0053,A0001,23809.52380952381,11597.38846809518,42,0.48709031565999755,Modere,0,Modere,Modere
ST0053,A0002,46208.333333333336,29993.58678496038,48,0.649094754588863,Erratique,0,Modere,Erratique
ST0054,A0001,69178.57142857143,14981.602474315378,28,0.21656420716614896,Stable,1,Stable,Stable
ST0054,A0002,19400.0,5461.989869391313,25,0.2815458695562532,Stable,1,Stable,Stable
ST0055,A0001,53375.0,23464.14091951608,56,0.4396091975553364,Modere,0,Modere,Modere
ST0055,A0002,22436.363636363636,16073.631082042917,55,0.7164098132190928,Erratique,2,Erratique,Erratique
ST0056,A0001,28000.0,8705.715001320143,20,0.3109183929042908,Stable,1,Stable,Stable
ST0056,A0002,25500.0,6253.420116855636,20,0.24523216144531904,Stable,1,Stable,Stable
ST0057,A0001,31138.88888888889,25363.813117767128,36,0.8145381554323073,Erratique,2,Erratique,Erratique
ST0057,A0002,70200.0,37591.73395227282,40,0.535494785644912,Modere,0,Modere,Modere
ST0058,A0001,8785.714285714286,3214.8351178816056,14,0.36591619227920713,Modere,1,Stable,Stable
ST0058,A0002,18428.571428571428,9061.450772911041,14,0.49170663108819607,Modere,0,Modere,Modere
ST0059,A0001,31508.77192982456,18186.65406183645,57,0.5771933638778829,Modere,0,Modere,Modere
ST0059,A0002,19596.491228070176,11041.900148853147,57,0.5634631230838222,Modere,0,Modere,Modere
ST0060,A0002,32307.69230769231,13130.020407350321,13,0.40640539356084326,Modere,1,Stable,Modere
ST0062,A0001,20666.666666666668,10209.347150076212,27,0.49400066855207475,Modere,0,Modere,Modere
ST0062,A0002,10576.923076923076,3557.224501468266,26,0.3363194074115452,Stable,1,Stable,Stable
ST0064,A0001,25000.0,6595.452979136459,17,0.2638181191654584,Stable,1,Stable,Stable
ST0064,A0002,21941.176470588234,6675.239585918379,17,0.3042334395726875,Stable,1,Stable,Stable
ST0065,A0001,15111.111111111111,4013.0506056364015,18,0.26556952537299716,Stable,1,Stable,Stable
ST0065,A0002,8000.0,2065.5911179772893,16,0.25819888974716115,Stable,1,Stable,Stable
ST0066,A0001,91533.33333333333,12291.666179622047,30,0.13428622920198888,Stable,1,Stable,Stable
ST0066,A0002,69500.0,19164.892471607447,30,0.27575384851233736,Stable,1,Stable,Stable
ST0067,A0001,54279.06976744186,15984.107555699176,43,0.29448013063198997,Stable,1,Stable,Stable
ST0067,A0002,29809.52380952381,10071.059951574103,42,0.3378470590783645,Stable,1,Stable,Stable
ST0068,A0001,53978.72340425532,18997.12719895132,47,0.3519373190188065,Modere,1,Stable,Stable
ST0068,A0002,31234.042553191488,13983.239604048731,47,0.447692276151424,Modere,0,Modere,Modere
ST0069,A0001,20588.235294117647,8147.536617970886,17,0.39573749287287163,Modere,1,Stable,Stable
ST0069,A0002,15764.70588235294,7137.308769458432,17,0.4527397353760946,Modere,0,Modere,Modere
ST0072,A0001,6687.5,1990.6029237394384,16,0.29766025027879456,Stable,1,Stable,Stable
ST0072,A0002,13470.588235294117,8846.734193042817,17,0.6567444597455367,Erratique,0,Modere,Erratique
ST0073,A0001,65243.24324324324,20869.176373841943,37,0.31986724350959067,Stable,1,Stable,Stable
ST0073,A0002,29500.0,11955.87124148036,36,0.4052837708976393,Modere,1,Stable,Modere
ST0074,A0001,55264.705882352944,22087.03009450845,34,0.39965887345039236,Modere,1,Stable,Stable
ST0074,A0002,81558.82352941176,29457.921892257415,34,0.3611862042325107,Modere,1,Stable,Stable
ST0075,A0001,14583.333333333334,7125.68328785672,24,0.48861828259588935,Modere,0,Modere,Modere
ST0075,A0002,10944.444444444445,6795.086652455514,18,0.6208708616456814,Erratique,0,Modere,Modere
ST0076,A0001,10882.35294117647,8615.990605707917,17,0.791739677281268,Erratique,2,Erratique,Erratique
ST0076,A0002,12833.333333333334,6410.010553354623,18,0.4994813418198407,Modere,0,Modere,Modere
ST0078,A0001,16000.0,9409.859432821224,56,0.5881162145513265,Modere,0,Modere,Modere
ST0078,A0002,28089.285714285714,18039.629895129412,56,0.6422245862220262,Erratique,0,Modere,Modere
ST0079,A0001,6071.428571428572,5339.777852423031,28,0.8794928227520286,Erratique,2,Erratique,Erratique
ST0079,A0002,25809.52380952381,23417.981516439406,42,0.9073387672421173,Erratique,2,Erratique,Erratique
ST0080,A0001,18720.0,7626.591503363981,50,0.40740339227371697,Modere,1,Stable,Modere
ST0080,A0002,11940.0,5486.1978953496355,50,0.45948056074955074,Modere,0,Modere,Modere
ST0081,A0001,14483.870967741936,4559.758529731851,31,0.3148162904714641,Stable,1,Stable,Stable
ST0081,A0002,24972.222222222223,13096.315972955603,36,0.5244353448569541,Modere,0,Modere,Modere
ST0083,A0001,27920.0,16839.991274417243,50,0.603151549943311,Erratique,0,Modere,Modere
ST0083,A0002,31980.0,21514.57977412394,50,0.67275108737098,Erratique,2,Erratique,Erratique
ST0084,A0001,154161.29032258064,26199.35975578226,31,0.16994771969643233,Stable,1,Stable,Stable
ST0084,A0002,51322.58064516129,11049.546285629991,31,0.21529599928003126,Stable,1,Stable,Stable
ST0085,A0001,13192.982456140351,8337.605421246619,57,0.631972751344491,Erratique,0,Modere,Modere
ST0085,A0002,14263.157894736842,5521.148676386729,57,0.38709160461751974,Modere,1,Stable,Stable
ST0087,A0001,29107.14285714286,17533.75429514568,28,0.6023866506307719,Erratique,0,Modere,Modere
ST0087,A0002,13125.0,7502.535803197534,24,0.5716217754817169,Modere,0,Modere,Modere
ST0091,A0001,8694.444444444445,9835.270188588602,36,1.1312131846299989,Erratique,2,Erratique,Erratique
ST0091,A0002,22000.0,9587.938851941613,29,0.43581540236098243,Modere,0,Modere,Modere
ST0092,A0001,5157.894736842105,1641.9215671732127,19,0.3183317324111331,Stable,1,Stable,Stable
ST0092,A0002,35418.604651162794,26776.173273070624,43,0.755991760172053,Erratique,2,Erratique,Erratique
ST0093,A0001,46655.1724137931,29554.322107483877,58,0.6334629276548651,Erratique,0,Modere,Modere
ST0093,A0002,20377.35849056604,13091.727298468852,53,0.6424643952026381,Erratique,0,Modere,Modere
ST0094,A0002,81600.0,38463.10604092953,20,0.4713615936388423,Modere,0,Modere,Modere
