Code Station,N° article,CV,Segment
ST0001,A0001,0.2537416291450737,Stable
ST0001,A0002,0.5062901870356984,Modere
ST0002,A0001,0.3228061611069763,Stable
ST0002,A0002,1.1304318697123457,Erratique
ST0003,A0001,0.5722075627331226,Modere
ST0003,A0002,0.5428598340986098,Modere
ST0004,A0001,0.3536527388530843,Stable
ST0004,A0002,0.4123680574425615,Modere
ST0005,A0002,0.5614984214316842,Modere
ST0006,A0001,0.2475048550407029,Stable
ST0006,A0002,0.6487132261438207,Erratique
ST0007,A0001,0.39537268251892244,Stable
ST0007,A0002,0.7331633460676255,Erratique
ST0009,A0001,0.49975280448443393,Modere
ST0009,A0002,0.37822015043437435,Stable
ST0010,A0001,0.27992254652315424,Stable
ST0010,A0002,0.6128866193024591,Modere
ST0011,A0001,0.3732473003928444,Stable
ST0011,A0002,0.4593535133150528,Modere
ST0012,A0001,0.43059695364063966,Modere
ST0012,A0002,0.5346852939610554,Modere
ST0013,A0001,0.4635902763428896,Modere
ST0013,A0002,0.5392367501093853,Modere
ST0014,A0001,0.45380742063285395,Modere
ST0014,A0002,0.4407314993691864,Modere
ST0015,A0001,0.330945051626618,Stable
ST0015,A0002,0.3016371682883599,Stable
ST0016,A0001,0.3344134510323526,Stable
ST0016,A0002,0.4489138060492028,Modere
ST0017,A0001,0.26797201175071694,Stable
ST0017,A0002,0.39686149214999145,Stable
ST0018,A0001,0.5480806012873193,Modere
ST0018,A0002,0.8779413356329588,Erratique
ST0019,A0001,0.349857113690718,Stable
ST0019,A0002,0.36596252735569995,Stable
ST0020,A0001,0.37780677544472124,Stable
ST0020,A0002,0.41604617379977943,Modere
ST0021,A0001,0.2839387582488816,Stable
ST0021,A0002,0.41649938972083933,Modere
ST0022,A0001,0.42803111512871095,Modere
ST0022,A0002,0.5883314099519412,Modere
ST0023,A0001,0.5383723596009754,Modere
ST0023,A0002,0.5890124932812415,Modere
ST0024,A0001,0.5024217220753431,Modere
ST0024,A0002,0.48639937418831114,Modere
ST0026,A0001,0.3652034343335404,Stable
ST0026,A0002,0.340457012971718,Stable
ST0027,A0001,0.7227032127648978,Erratique
ST0027,A0002,0.7216476346027272,Erratique
ST0028,A0001,0.6229483859950186,Modere
ST0028,A0002,0.7335128809192212,Erratique
ST0029,A0001,0.14414660322837045,Stable
ST0029,A0002,0.223435141428676,Stable
ST0030,A0001,0.7352891710041963,Erratique
ST0030,A0002,0.7638592570562615,Erratique
ST0031,A0001,0.34077510305550285,Stable
ST0031,A0002,0.3757345746510897,Stable
ST0032,A0001,0.4315810056165789,Modere
ST0032,A0002,0.30944660705015414,Stable
ST0033,A0001,0.5519999069562634,Modere
ST0033,A0002,0.5463929051831186,Modere
ST0036,A0001,0.3850003412211894,Stable
ST0036,A0002,0.3425130990879037,Stable
ST0037,A0001,0.5519268063688131,Modere
ST0037,A0002,0.5295734006076042,Modere
ST0038,A0002,0.3032769888225123,Stable
ST0039,A0001,0.2161109968293911,Stable
ST0039,A0002,0.3094987861800386,Stable
ST0040,A0001,0.29411764705882354,Stable
ST0041,A0001,0.7215328668440738,Erratique
ST0041,A0002,0.6870434514081802,Erratique
ST0042,A0001,0.4457154431232828,Modere
ST0042,A0002,0.36917337480504153,Stable
ST0043,A0001,0.7125048643979116,Erratique
ST0043,A0002,0.5925228681606358,Modere
ST0044,A0002,0.7833209015616183,Erratique
ST0046,A0002,0.5964327514343369,Modere
ST0047,A0001,0.7064512739010108,Erratique
ST0047,A0002,0.5958629113305529,Modere
ST0049,A0001,0.4026756495286375,Stable
ST0049,A0002,0.38449558290774455,Stable
ST0050,A0001,0.7277078556352706,Erratique
ST0050,A0002,0.43253676703184607,Modere
ST0051,A0001,0.4126104102430484,Modere
ST0051,A0002,0.28692834494289193,Stable
ST0053,A0001,0.48709031565999755,Modere
ST0053,A0002,0.649094754588863,Erratique
ST0054,A0001,0.21656420716614896,Stable
ST0054,A0002,0.2815458695562532,Stable
ST0055,A0001,0.4396091975553364,Modere
ST0055,A0002,0.7164098132190928,Erratique
ST0056,A0001,0.3109183929042908,Stable
ST0056,A0002,0.24523216144531904,Stable
ST0057,A0001,0.8145381554323073,Erratique
ST0057,A0002,0.535494785644912,Modere
ST0058,A0001,0.36591619227920713,Stable
ST0058,A0002,0.49170663108819607,Modere
ST0059,A0001,0.5771933638778829,Modere
ST0059,A0002,0.5634631230838222,Modere
ST0060,A0002,0.40640539356084326,Modere
ST0062,A0001,0.49400066855207475,Modere
ST0062,A0002,0.3363194074115452,Stable
ST0064,A0001,0.2638181191654584,Stable
ST0064,A0002,0.3042334395726875,Stable
ST0065,A0001,0.26556952537299716,Stable
ST0065,A0002,0.25819888974716115,Stable
ST0066,A0001,0.13428622920198888,Stable
ST0066,A0002,0.27575384851233736,Stable
ST0067,A0001,0.29448013063198997,Stable
ST0067,A0002,0.3378470590783645,Stable
ST0068,A0001,0.3519373190188065,Stable
ST0068,A0002,0.447692276151424,Modere
ST0069,A0001,0.39573749287287163,Stable
ST0069,A0002,0.4527397353760946,Modere
ST0072,A0001,0.29766025027879456,Stable
ST0072,A0002,0.6567444597455367,Erratique
ST0073,A0001,0.31986724350959067,Stable
ST0073,A0002,0.4052837708976393,Modere
ST0074,A0001,0.39965887345039236,Stable
ST0074,A0002,0.3611862042325107,Stable
ST0075,A0001,0.48861828259588935,Modere
ST0075,A0002,0.6208708616456814,Modere
ST0076,A0001,0.791739677281268,Erratique
ST0076,A0002,0.4994813418198407,Modere
ST0078,A0001,0.5881162145513265,Modere
ST0078,A0002,0.6422245862220262,Modere
ST0079,A0001,0.8794928227520286,Erratique
ST0079,A0002,0.9073387672421173,Erratique
ST0080,A0001,0.40740339227371697,Modere
ST0080,A0002,0.45948056074955074,Modere
ST0081,A0001,0.3148162904714641,Stable
ST0081,A0002,0.5244353448569541,Modere
ST0083,A0001,0.603151549943311,Modere
ST0083,A0002,0.67275108737098,Erratique
ST0084,A0001,0.16994771969643233,Stable
ST0084,A0002,0.21529599928003126,Stable
ST0085,A0001,0.631972751344491,Modere
ST0085,A0002,0.38709160461751974,Stable
ST0087,A0001,0.6023866506307719,Modere
ST0087,A0002,0.5716217754817169,Modere
ST0091,A0001,1.1312131846299989,Erratique
ST0091,A0002,0.43581540236098243,Modere
ST0092,A0001,0.3183317324111331,Stable
ST0092,A0002,0.755991760172053,Erratique
ST0093,A0001,0.6334629276548651,Modere
ST0093,A0002,0.6424643952026381,Modere
ST0094,A0002,0.4713615936388423,Modere
